	Rn	Rp	Rtotal	Tc_average	Tc_cooling	Tc_warming	bias_freq	physical_name
0136.1.1.1694	1.2199062717464157	0.2816403204879754	1.5015465922343911	0.4427065227376168	0.4343700110912323	0.45104303438400134	1694259.6482113004	109.90.y
0136.1.1.1718	1.3606589273618903	0.30351970901794745	1.6641786363798379	0.44190616324867027	0.4336025350076227	0.4502097914897179	1717681.8894222379	109.90.x
0136.1.1.1746	-0.024961557780743382	1.7378498403010767	1.7128882825203333	0.5504196435574684	0.5506293545106615	0.5502099326042753	1745834.3552425504	135.90.x
0136.1.1.1764	1.6590568136580626	0.3377591409293288	1.9968159545873914	0.4356414030106107	0.4272498945134302	0.44403291150779123	1763916.0202816129	135.90.y
0136.1.1.1860	1.3644292010463757	0.311724984312628	1.6761541853590036	0.43856378845249705	0.4301787373785082	0.4469488395264859	1859207.1579769254	111.90.x
0136.1.1.1908	1.4494307250096292	0.34938454475094954	1.7988152697605788	0.4406161393519522	0.43226675529167835	0.448965523412226	1907501.2253597379	111.90.y
0136.1.1.1942	1.2226774004797534	0.2980389736132083	1.5207163740929617	0.43828068794409497	0.4299078810587744	0.4466534948294155	1942977.9099300504	131.90.y
0136.1.1.1962	1.8059666985145402	0.39988158088591585	2.205848279400456	0.43946087636725595	0.4311317536922026	0.44778999904230926	1961135.8689144254	131.90.x
0136.1.1.2012	1.2620116637675998	0.3131704223465546	1.5751820861141543	0.4361291828177042	0.4277959232113666	0.4444624424240417	2011337.2849300504	95.90.x
0136.1.1.2026	1.5973630762982842	0.380272185261231	1.9776352615595152	0.4392107374555415	0.4308861481582298	0.4475353267528532	2026901.2497738004	95.90.y
0136.1.1.2074	1.396851646667514	0.32658661435648295	1.723438261023997	0.4392897665401121	0.4309181064317045	0.44766142664851977	2074432.3777034879	112.90.y
0136.1.1.2110	1.4519710327642712	0.34411935334255517	1.7960903861068265	0.4386467074349474	0.43024290466290616	0.44705051020698866	2110900.883562863	112.90.x
0136.1.1.2150	1.5469521631524086	0.3886621078560001	1.9356142710084088	0.43606702441218914	0.4276740442562783	0.4444600045681	2150421.147234738	133.90.x
0136.1.1.2180	1.6827186090098503	0.4058071792334375	2.0885257882432877	0.4377172452757504	0.42940012989603815	0.4460343606554627	2179489.1403988004	133.90.y
0136.1.1.2208	1.608143853830167	0.3955691494803324	2.0037130033104993	0.4428952266242245	0.43456476703214264	0.4512256862163063	2207565.3122738004	110.90.y
0136.1.1.2264	1.2503834417641415	0.37278744537993913	1.6231708871440806	0.43986245081680075	0.43148788082743295	0.4482370208061686	2263946.537859738	110.90.x
0136.1.1.2270	1.480689780794124	0.46621761529730094	1.946907396091425	0.44276303023971275	0.4343944435462941	0.4511316169331315	2270584.1111019254	92.90.y
0136.1.1.2324	1.570745790599854	0.41347597156930943	1.9842217621691636	0.4416786959071919	0.4333287519179194	0.4500286398964644	2324752.8122738004	92.90.x
0136.1.1.2374	1.6839344901836575	0.4297103080594651	2.1136447982431226	0.43969033891064524	0.43134925741372854	0.4480314204075619	2373123.1736019254	113.90.y
0136.1.1.2458	-0.008133939573957472	1.0472044268308949	1.0390704872569374	0.5504196435574684	0.5506293545106615	0.5502099326042753	2457504.2771175504	lc_resistor
0136.1.1.2480	1.5990422109079665	0.40906924420159113	2.0081114551095576	0.44089094895646674	0.432589313253537	0.44919258465939654	2480392.4607113004	131.150.y
0136.1.1.2540	1.4699222121383826	0.35288615132299345	1.822808363461376	0.4415967972763841	0.4332507677711419	0.4499428267816264	2539138.7986019254	131.150.x
0136.1.1.2576	1.703604097650261	0.44353078542037194	2.147134883070633	0.43802027796386583	0.42963579555394915	0.4464047603737825	2575073.246844113	135.150.x
0136.1.1.2630	1.3981977082418118	0.35458911770363394	1.7527868259454458	0.4365028811898425	0.4281596924430815	0.44484606993660347	2630004.887469113	135.150.y
0136.1.1.2670	1.517800763802808	0.3936596448248921	1.9114604086277	0.443570841413397	0.4352919132297437	0.4518497695970503	2669677.739031613	110.150.y
0136.1.1.2694	1.7549718600728206	0.43713566501563933	2.19210752508846	0.44309722360309334	0.43479828472422	0.4513961624819667	2693786.625750363	110.150.x
0136.1.1.2756	1.433972911018594	0.35115780076392983	1.7851307117825237	0.44135936512886176	0.43304983723692203	0.44966889302080143	2755661.0153988004	112.150.x
0136.1.1.2814	1.3661033099769193	0.3457409902748075	1.7118443002517267	0.4407645857763945	0.4324488700259117	0.4490803015268773	2814788.823015988	112.150.y
0136.1.1.2834	1.4943373116371892	0.4238159273458669	1.918153238983056	0.4400985205199114	0.43176893834995694	0.44842810268986577	2834014.897234738	113.150.y
0136.1.1.2912	1.6735991694379537	0.42455548338237337	2.098154652820327	0.4418167662765691	0.43348961880819914	0.45014391374493906	2911911.0153988004	113.150.x
0136.1.1.3058	1.5291084227478011	0.37068448774483215	1.8997929104926332	0.43963001474424934	0.43129814253063614	0.4479618869578626	3057556.157000363	133.150.y
0136.1.1.3098	1.6676430071555906	0.3738902462787131	2.0415332534343036	0.43828541440291957	0.42991967402510056	0.4466511547807385	3097229.008562863	133.150.x
0136.1.1.3164	1.2224104704569303	0.28430803696351087	1.5067185074204412	0.44381287645018924	0.43553621674173115	0.45208953615864733	3163681.0349300504	109.150.x
0136.1.1.3196	1.725836354888148	0.3814524424940581	2.107288797382206	0.44383951923869475	0.4355397936166252	0.4521392448607643	3196411.137469113	109.150.y
0136.1.1.3260	1.391727072959369	0.28843788616527694	1.680164959124646	0.44018335315592905	0.4317977060664049	0.44856900024545326	3260192.875750363	111.150.y
0136.1.1.3322	1.5525983027185628	0.3243228888726516	1.8769211915912145	0.44128642233839055	0.4329685349064505	0.4496043097703306	3322448.735125363	111.150.x
0136.1.1.3368	1.3368005585399487	0.2870032527901448	1.6238038113300937	0.4454284115516907	0.4371734920440993	0.45368333105928216	3368759.1599300504	92.150.x
0136.1.1.3440	1.6282983568028264	0.34867273603746696	1.9769710928402935	0.44344059350889714	0.4351298448006915	0.4517513422171028	3439025.883562863	92.150.y
0136.1.1.3496	1.3405968672174284	0.26279909852901523	1.6033959657464436	0.440339526367814	0.43202994581748655	0.4486491069181414	3496017.4607113004	95.150.y
0136.1.1.3544	1.350721145484203	0.2945642838870566	1.6452854293712595	0.4413348319024244	0.4330215349233512	0.4496481288814976	3543624.8825863004	95.150.x
0136.1.1.3796	1.2745412592169196	0.19668868148394433	1.471229940700864	0.43889198884537095	0.4305899781500244	0.4471939995407174	3796844.487078488	135.220.x
0136.1.1.3858	1.359178531146685	0.1995443455109085	1.5587228766575936	0.42950791485331047	0.4212062365320719	0.43780959317454904	3858566.2888363004	135.220.y
0136.1.1.3936	1.2900331309394384	0.18670170587728419	1.4767348368167226	0.4435730535205471	0.4352975661185283	0.4518485409225659	3936462.407000363	109.220.y
0136.1.1.4002	1.2943720905830953	0.1765872856472116	1.470959376230307	0.43457499639853736	0.42615985779234933	0.44299013500472545	4002456.6696956754	109.220.x
0136.1.1.4070	1.287650195316563	0.1821782578281882	1.4698284531447514	0.4408514325920968	0.43259128055251495	0.44911158463167866	4070739.750750363	95.220.x
0136.1.1.4208	1.1327011667943943	0.10356112879533692	1.236262295589731	0.438908952413958	0.4305899781500244	0.4472279266778915	4207763.676531613	131.220.y
0136.1.1.4268	1.9010574519655243	0.17542459615885966	2.076482048124384	0.44095462794505014	0.43263971103054466	0.44926954485955556	4268646.244890988	131.220.x
0136.1.1.4356	1.2248148032101842	0.12184263323220675	1.3466574364423909	0.43970422397585956	0.4313762687266056	0.4480321792251135	4356613.1638363	112.220.x
0136.1.1.4434	1.2317369766537392	0.10789587515165049	1.3396328518053897	0.44128147957798247	0.4329685349064505	0.4495944242495145	4434051.518328488	112.220.y
0136.1.1.4572	1.1029659509379823	0.11558051920815567	1.218546470146138	0.4410925007893338	0.4327630881346991	0.4494219134439686	4571762.08961755	111.220.x
0136.1.1.4654	1.8610126298071992	0.1226347394537861	1.9836473692609853	0.4400969414915028	0.43175380183799633	0.4484400811450093	4653930.668719113	133.220.x
0136.1.1.4736	1.7740495354786998	0.10717476602079033	1.88122430149949	0.4400922888228225	0.4317343361940999	0.448450241451545	4736328.129656613	133.220.y
0136.1.1.4816	1.9361041676813737	0.1131643795071396	2.0492685471885133	0.44378173362014783	0.435524171573725	0.45203929566657064	4816284.184344113	110.220.y
0136.1.1.4904	1.857944249048999	0.10031698787589338	1.9582612369248924	0.4422126897303975	0.43394495449066106	0.450480424970134	4904174.809344113	110.220.x
0136.1.1.4988	1.395868280703049	0.21651110175216903	1.612379382455218	0.440225781734225	0.4318468561148521	0.44860470735359786	4987487.797625363	113.220.x
0136.1.1.5074	1.6017280741439965	0.16744801274486024	1.7691760868888569	0.4411495398463079	0.4328938241020843	0.44940525559053146	5073547.367937863	113.220.y
0136.1.1.5246	2.206333195851169	0.22872926066114346	2.4350624565123122	0.44398023006138904	0.43569475235751653	0.45226570776526154	5245742.802508175	92.220.x
0136.1.2.1768	1.3317920366210585	0.30865120819585296	1.6404432448169115	0.4357212010905406	0.42731041846628237	0.44413198371479884	1767349.2478206754	98.90.y
0136.1.2.1800	-0.0028201636351605774	1.7885955669096256	1.785775403274465	0.5504196435574684	0.5506293545106615	0.5502099326042753	1799240.1169613004	98.90.x
0136.1.2.1872	1.3476037684473625	0.34445831934103954	1.692062087788402	0.4382068725016164	0.4298607380765347	0.4465530069266981	1871109.0134456754	80.90.y
0136.1.2.1908	1.2935722863518813	0.31287548847114083	1.6064477748230221	0.43821428809632657	0.4298189477923273	0.44660962840032586	1907958.9890316129	62.90.y
0136.1.2.1940	1.313691111117221	0.32352372097212595	1.637214832089347	0.4383493874812192	0.42995891665908914	0.44673985830334934	1939315.8005550504	62.90.x
0136.1.2.1960	1.4295833086720846	0.33366301517170943	1.763246323843794	0.44086235405176344	0.43258734840994606	0.4491373596935808	1959686.2839534879	34.90.x
0136.1.2.1996	1.5262834911765475	0.38158424170702987	1.9078677328835774	0.4412824424520787	0.43296924375826934	0.4495956411458881	1995239.2624691129	34.90.y
0136.1.2.2028	1.3880516263887854	0.33056909702752574	1.7186207234163111	0.44095649429607786	0.43263971103054466	0.44927327756161106	2027206.4255550504	47.90.y
0136.1.2.2072	1.4454682868384163	0.42047185936975023	1.8659401462081666	0.42413719718184495	0.4159960850168378	0.43227830934685213	2072067.2653988004	47.90.x
0136.1.2.2088	1.494411937596103	0.3530113642795633	1.8474233018756663	0.4402224410678113	0.4319390132509824	0.44850586888464017	2087478.6423519254	35.90.x
0136.1.2.2136	1.446159412746065	0.3599929704276276	1.8061523831736928	0.4409288343813209	0.43263971103054466	0.4492179577320971	2136230.473406613	35.90.y
0136.1.2.2196	1.5307577689572027	0.3718290956277425	1.9025868645849453	0.4400709557394329	0.4317170347149116	0.4484248767639542	2196502.690203488	64.90.x
0136.1.2.2250	1.5765159066892591	0.43984208302338446	2.0163579897126436	0.42208376215264615	0.4137255696719233	0.430441954633369	2249450.688250363	63.90.x
0136.1.2.2290	1.6522049698005503	0.4314001914243493	2.0836051612248996	0.4388023637799475	0.4304616839365849	0.4471430436233101	2289733.891375363	63.90.y
0136.1.2.2330	1.4449598163513486	0.5479337730027977	1.9928935893541462	0.4256117321821353	0.41761708369971373	0.43360638066455687	2330245.9763363004	48.90.y
0136.1.2.2356	1.7374334825366742	0.4549181885272951	2.192351671063969	0.44120493605036504	0.4329685349064505	0.44944133719427953	2356185.9177425504	48.90.x
0136.1.2.2402	1.568707277370315	0.43994918365935126	2.008656461029666	0.43877546772846393	0.430446692335245	0.44710424312168284	2402267.4607113004	49.90.y
0136.1.2.2440	1.5119045168598884	0.4326843014628659	1.9445888183227542	0.43804590700395446	0.4296869065274933	0.4464049074804156	2439346.3181331754	49.90.x
0136.1.2.2466	1.7044033685256894	0.45722614265218214	2.1616295111778716	0.4388245090229158	0.43051919182261145	0.44712982622322023	2465057.377703488	81.90.y
0136.1.2.2514	1.7386676720283838	0.4656206456359861	2.20428831766437	0.43829093730170093	0.4299295038880615	0.44665237071534036	2514038.090594113	81.90.x
0136.1.2.2554	-0.007086964631026538	1.1413520760380684	1.134265111407042	0.5504196435574684	0.5506293545106615	0.5502099326042753	2554626.469500363	lc_resistor
0136.1.2.2628	1.4342722068776421	0.4189435365444545	1.8532157434220966	0.4432576389929713	0.4349949708735181	0.4515203071124246	2628936.772234738	47.150.y
0136.1.2.2664	1.4621858839755484	0.3931236144859125	1.8553094984614609	0.44428027393498715	0.4359903816027284	0.4525701662672459	2663345.3415706754	47.150.x
0136.1.2.2684	-0.029527190657882674	2.3368439316065794	2.3073167409486968	0.5504196435574684	0.5506293545106615	0.5502099326042753	2683105.473406613	80.150.x
0136.1.2.2750	1.3903991243435665	0.38146697108534794	1.7718660954289145	0.4412772532707569	0.4329685349064505	0.4495859716350633	2750244.145281613	80.150.y
0136.1.2.2778	1.6773456378009584	0.4506561008837145	2.128001738684673	0.4435030225218245	0.4352410338169115	0.4517650112267375	2778091.4353206754	48.150.y
0136.1.2.2840	1.6691362084682617	0.45546326664469167	2.1245994751129533	0.4425578366222232	0.43424041048024264	0.45087526276420375	2839508.061297238	48.150.x
0136.1.2.2896	1.5320529292825515	0.36030037727635095	1.8923533065589024	0.44062893303046213	0.4322995106865761	0.4489583553743481	2896804.8142269254	64.150.x
0136.1.2.2932	1.45507312492503	0.38374800430230493	1.8388211292273349	0.4405431681571707	0.4322013787776129	0.4488849575367285	2932281.498797238	64.150.y
0136.1.2.2976	1.4567489070174922	0.390559998411224	1.8473089054287162	0.4398620676048161	0.4315394915891684	0.44818464362046384	2976608.2810238004	81.150.y
0136.1.2.3008	1.7059903399359617	0.4639176163418551	2.1699079562778167	0.43948846011674625	0.43117157803314043	0.447805342200352	3008804.3259456754	81.150.x
0136.1.2.3076	1.3708347061693893	0.36299092894224544	1.7338256351116348	0.442898660073504	0.43460531656016066	0.4511920035868473	3076782.231219113	62.150.x
0136.1.2.3112	1.2590853767658117	0.4859401774109652	1.7450255541767767	0.4207239864872615	0.41256912367412824	0.4288788493003948	3112945.561297238	62.150.y
0136.1.2.3154	1.7172819008004767	0.4271912663396625	2.144473167140139	0.4426334692353855	0.4343687005200252	0.45089823795074574	3153152.4704769254	63.150.y
0136.1.2.3218	1.690983405090061	0.4344972839603465	2.1254806890504074	0.44123231504765315	0.4329685349064505	0.44949609518885586	3217468.266375363	63.150.x
0136.1.2.3262	1.394580726387902	0.3341336681367059	1.728714394524608	0.4394807514562588	0.43115682999235716	0.44780467292016046	3262405.4001644254	98.150.x
0136.1.2.3314	1.7803761218192484	0.4239766832823725	2.204352805101621	0.43973201722711197	0.4314042957310882	0.44805973872313576	3314132.6950863004	98.150.y
0136.1.2.3366	1.43815060739709	0.3194703300693496	1.7576209374664395	0.4434453156967379	0.43516750785039093	0.45172312354308486	3365478.520281613	34.150.y
0136.1.2.3408	1.677543170879288	0.38487172761588917	2.0624148984951773	0.44371725485969016	0.43550010292214836	0.4519344067972319	3408508.305437863	34.150.x
0136.1.2.3520	1.5987798555438901	0.3581541269932608	1.956933982537151	0.44291051055711156	0.43464586209525	0.4511751590189731	3520050.053484738	49.150.y
0136.1.2.3560	1.4106864237227057	0.2989901825774237	1.7096766063001294	0.44117498918034087	0.43294052690637486	0.4494094514543069	3560485.844500363	35.150.y
0136.1.2.3638	1.3522057492495017	0.2877349188103356	1.6399406680598372	0.44372641532967927	0.43551386006779325	0.45193897059156524	3637542.729265988	35.150.x
0136.1.2.3772	1.377857864323021	0.2505266728782667	1.6283845372012877	0.44203894638993213	0.43372913543264247	0.4503487573472218	3772506.7185238004	62.220.y
0136.1.2.3830	1.3929042555512283	0.24280051721134377	1.635704772762572	0.44285576905112073	0.43454044207144094	0.4511710960308005	3829498.295672238	62.220.x
0136.1.2.3894	1.3762103780814796	0.24476033201498157	1.6209707100964612	0.44119685707863576	0.43296852970911814	0.4494251844481533	3893814.0915706754	80.220.x
0136.1.2.4082	1.3192797747860345	0.21245960550902637	1.531739380295061	0.44028618817024723	0.4319942963069394	0.448578080033555	4082183.842547238	98.220.x
0136.1.2.4142	1.2391231793841375	0.20237627266506683	1.4414994520492044	0.4413940198330699	0.43312689651611436	0.4496611431500255	4141006.4743831754	35.220.x
0136.1.2.4218	1.2852181508298335	0.18095756448145017	1.4661757153112835	0.4429580272177963	0.4347047536556161	0.4512113007799765	4218826.298601925	35.220.y
0136.1.2.4280	1.1830184615092831	0.15916240404768617	1.3421808655569694	0.4424708689062814	0.43415962399800634	0.4507821138145565	4280548.100359738	47.220.y
0136.1.2.4364	1.974183913288128	0.23749146616390893	2.211675379452037	0.4434356259307163	0.43515128414198045	0.4517199677194521	4364624.028094113	47.220.x
0136.1.2.4420	1.0748736356738393	0.3728258117506709	1.4476994474245102	0.4121703483293886	0.40436730755722294	0.41997338910155424	4419631.962664425	64.220.x
0136.1.2.4572	1.7933695996196097	0.13039228162402833	1.9237618812436381	0.4417034823059618	0.4334336197049993	0.44997334490692437	4571762.08961755	34.220.y
0136.1.2.4664	1.1830694874484475	0.11351623024305856	1.296585717691506	0.4332960324511558	0.4250027534059022	0.4415893114964093	4663696.293719113	34.220.x
0136.1.2.4814	1.883080793962617	0.17755450971423453	2.0606353036768517	0.441876996474341	0.43360802941168686	0.45014596353699515	4814224.247820675	63.220.y
0136.1.2.4898	1.7973826838740186	0.1647794348659949	1.9621621187400136	0.4432358905327867	0.4350104547063651	0.4514613263592083	4897842.411883175	48.220.y
0136.1.2.4976	1.8837699044495453	0.15506079288600882	2.038830697335554	0.4429678405724163	0.4347074523401453	0.45122822880468727	4975509.6482113	48.220.x
0136.1.2.5054	1.7063732453199707	0.18407901932879425	1.890452264648765	0.4407824050556839	0.43255332671230207	0.44901148339906577	5053482.060320675	81.220.x
0136.1.2.5138	1.893042896914043	0.15567911071254376	2.0487220076265866	0.44018684465762203	0.4318960033769841	0.44847768593826	5138778.69118005	81.220.y
0136.1.2.5326	1.7515702428475985	0.13578624198736428	1.8873564848349629	0.44215942195421465	0.4338921290420714	0.4504267148663579	5325241.0935238	49.220.x
0136.1.2.6224	1.1379877423547187	0.520143557683723	1.6581313000384417	0.4136221219685575	0.405947525751138	0.4212967181859771	6224746.708758175	63.220.x
0136.1.3.3230	-0.05590423677329337	3.0161217712266564	2.960217534453363	0.5504196435574684	0.5506293545106615	0.5502099326042753	3230285.649187863	23.150.x
0136.1.3.3256	1.4993252995362683	1.6592576565676855	3.158582956103954	0.5504196435574684	0.5506293545106615	0.5502099326042753	3255462.651140988	23.150.y
0136.1.3.3316	1.2404147873661846	0.9882423430544521	2.2286571304206366	0.5504196435574684	0.5506293545106615	0.5502099326042753	3316192.631609738	116.150.y
0136.1.3.3362	1.3710649484147892	1.146744791030838	2.517809739445627	0.5504196435574684	0.5506293545106615	0.5502099326042753	3362274.174578488	116.150.x
0136.1.3.3412	1.0918703364077396	0.9885449046619144	2.080415241069654	0.5504196435574684	0.5506293545106615	0.5502099326042753	3412094.1208675504	66.150.x
0136.1.3.3482	1.412390401947915	1.0360364302188925	2.4484268321668075	0.5504196435574684	0.5506293545106615	0.5502099326042753	3481674.1989925504	66.150.y
0136.1.3.3534	1.085519836631876	0.9010557870017459	1.9865756236336218	0.5504196435574684	0.5506293545106615	0.5502099326042753	3533401.4939144254	12.150.y
0136.1.3.3594	1.0117077974488693	0.9358612627431617	1.947569060192031	0.5504196435574684	0.5506293545106615	0.5502099326042753	3593444.828875363	12.150.x
0136.1.3.3658	-0.2439439850758589	1.5538411524608864	1.3098971673850275	0.5504196435574684	0.5506293545106615	0.5502099326042753	3658370.9763363004	lc_resistor
0136.1.3.3970	0.9885454922597097	0.9046810746993432	1.893226566959053	0.5504196435574684	0.5506293545106615	0.5502099326042753	3970108.0368831754	23.220.y
0136.1.3.4040	1.0193917766563776	0.786376215336144	1.8057679919925216	0.5504196435574684	0.5506293545106615	0.5502099326042753	4040298.4665706754	23.220.x
0136.1.3.4114	0.9333068437130787	0.750608835064069	1.6839156787771477	0.5504196435574684	0.5506293545106615	0.5502099326042753	4113388.0661800504	12.220.x
0136.1.3.4186	0.9095387808594636	0.6916529410773339	1.6011917219367975	0.5504196435574684	0.5506293545106615	0.5502099326042753	4185409.5505550504	12.220.y
0136.1.3.4390	0.8894053548640872	0.7625598187840945	1.6519651736481817	0.5504196435574684	0.5506293545106615	0.5502099326042753	4390869.145281613	99.220.x
0136.1.3.4618	0.9749538215772704	0.746069578741104	1.7210234003183744	0.5504196435574684	0.5506293545106615	0.5502099326042753	4618377.690203488	116.220.x
0136.1.3.4862	-0.38897600277201416	0.5127354777949837	0.12375947502296955	0.5504196435574684	0.5506293545106615	0.5502099326042753	4862442.021258175	11.220.y
0136.1.3.4942	1.5538072879227762	0.663298637082529	2.2171059250053053	0.5013699082085786	0.5505802528839041	0.4521595635332531	4941482.548601925	11.220.x
0136.1.3.5198	1.5235540918022952	0.5842751124509291	2.1078292042532243	0.499928239855787	0.5505802528839041	0.4492762268276699	5197296.147234738	66.220.y
0136.1.3.5290	1.500681918315127	0.5328082639823937	2.0334901822975207	0.4413302267109581	0.4329685349064505	0.4496919185154657	5290145.87868005	66.220.x
0136.1.4.5074	1.5218553707704894	0.5025683805222191	2.0244237512927086	0.4421039337243855	0.43372913543264247	0.45047873201612854	5073852.543719113	79.220.y
0136.1.4.5250	1.700620431375907	0.5818608098695559	2.282481241245463	0.4405821533942035	0.4322072770115124	0.4489570297768946	5249176.030047238	115.220.x
0136.2.1.1690	1.1800667257289699	0.2677070679404634	1.4477737936694333	0.4409228452277618	0.43262076875875266	0.449224921696771	1689834.5993831754	147.90.y
0136.2.1.1714	1.3336191868493097	0.2826210708590575	1.6162402577083672	0.43979174651281483	0.43141046862307775	0.4481730244025519	1713943.4861019254	147.90.x
0136.2.1.1742	1.3034236495348934	0.28698736160257277	1.590411011137466	0.43755830863584866	0.42918554716749924	0.44593107010419814	1742706.3034847379	148.90.x
0136.2.1.1762	1.5526999350337056	0.30061638451426176	1.8533163195479674	0.4396621047490442	0.4313020818867983	0.4480221276112902	1761093.1443050504	148.90.y
0136.2.1.1802	1.390830776072232	0.2877660403356438	1.6785968164078757	0.44089611379331306	0.43258341604806105	0.449208811538565	1801147.4655941129	164.90.y
0136.2.1.1838	1.3664371240472366	0.28928865968205214	1.6557257837292887	0.44235556591506137	0.43403048795627797	0.45068064387384477	1837844.8532894254	164.90.x
0136.2.1.1856	1.5517621684993805	0.3135625857179354	1.865324754217316	0.4349277430190749	0.42655462291522284	0.44330086312292694	1856384.2820003629	153.90.x
0136.2.1.1904	1.580004671632743	0.3766454586517699	1.9566501302845127	0.41843548902909056	0.41006823224320854	0.4268027458149725	1903228.7644222379	153.90.y
0136.2.1.1940	1.4880247851408153	0.3028740154430849	1.7908988005839002	0.437493095503404	0.42912287346942435	0.44586331753738356	1939163.2126644254	150.90.y
0136.2.1.2008	1.2147243503618055	0.28982800459576546	1.504552354957571	0.4326882420277401	0.4243128224268151	0.44106366162866506	2007064.8239925504	128.90.x
0136.2.1.2024	1.5720208527576351	0.32297206145056095	1.894992914208196	0.4405116352210937	0.43213648608515953	0.44888678435702783	2023086.5525081754	128.90.y
0136.2.1.2070	1.4182017054021543	0.3139460463219563	1.7321477517241106	0.436075300443561	0.4276897652077025	0.4444608356794196	2070312.5046566129	134.90.y
0136.2.1.2106	1.459725613202081	0.32922608516719437	1.7889516983692755	0.4298563236864008	0.42148324200218923	0.4382294053706124	2106094.3650081754	134.90.x
0136.2.1.2146	1.5127169770377535	0.3771636634065478	1.8898806404443014	0.43666828784489164	0.4282498671562731	0.4450867085335101	2146148.686297238	149.90.x
0136.2.1.2176	1.6203020404667736	0.3856756978888415	2.005977738355615	0.43879516432416155	0.4304486571359263	0.44714167151239687	2176284.7946956754	149.90.y
0136.2.1.2204	1.5819753740334257	0.3774259268150107	1.9594013008484363	0.4397082317794866	0.43135561613962636	0.4480608474193468	2203292.8513363004	146.90.y
0136.2.1.2260	1.2852723726090332	0.3690393278805347	1.6543117004895678	0.4414455107060743	0.43310030749471906	0.4497907139174296	2259292.6071956754	132.90.y
0136.2.1.2318	1.585174160320261	0.3922042911281636	1.9773784514484245	0.4373530357216958	0.4289496278321696	0.44575644361122196	2318954.4724300504	132.90.x
0136.2.1.2372	1.4583493261666272	0.3857592287623223	1.8441085549289495	0.43613129421747987	0.4277998540693204	0.44446273436563927	2372055.0583675504	130.90.y
0136.2.1.2400	1.754281418137712	0.4202800293297673	2.1745614474674793	0.44033783077891403	0.43202994581748655	0.4486457157403415	2399673.4665706754	130.90.x
0136.2.1.2452	-0.00873369944677771	1.055725591611889	1.0469918921651113	0.5504196435574684	0.5506293545106615	0.5502099326042753	2452545.170672238	lc_resistor
0136.2.1.2476	1.610098988072786	0.4132524477222014	2.0233514357949876	0.44130108085002234	0.4329685349064505	0.4496336267935942	2476272.5876644254	150.150.y
0136.2.1.2534	1.4586223940057885	0.36002088336264026	1.8186432773684287	0.4400507593007347	0.43168026689945693	0.44842125170201247	2533798.2224300504	150.150.x
0136.2.1.2570	1.6474666291942288	0.4222142196669706	2.0696808488611995	0.442076471986381	0.43372913543264247	0.4504238085401195	2570343.022234738	148.150.x
0136.2.1.2626	1.337352777755759	0.3444359265874281	1.6817887043431872	0.44186314006346505	0.43355298921643737	0.45017329091049274	2625274.662859738	148.150.y
0136.2.1.2664	1.514580018622675	0.4065260532451802	1.9211060718678552	0.4464633924445237	0.4382112552084294	0.45471552968061807	2663192.7536800504	146.150.y
0136.2.1.2690	1.730264077434212	0.42126869030094166	2.1515327677351537	0.443416154970753	0.43511018101470356	0.4517221289268024	2690429.692156613	146.150.x
0136.2.1.2752	1.4358473982417324	0.3529723025491944	1.7888197007909268	0.4394554076089072	0.4311228896272752	0.4477879255905393	2751235.9665706754	134.150.x
0136.2.1.2806	1.38877712501812	0.34653402128002436	1.7353111462981443	0.4382781445242009	0.4299039496170636	0.44665233943133814	2806930.5466488004	134.150.y
0136.2.1.2830	1.469016504284288	0.35916066462965873	1.8281771689139468	0.44062190523571954	0.43227821856298476	0.4489655919084543	2829284.672625363	130.150.y
0136.2.1.2908	1.5244501102636532	0.3919403676774603	1.9163904779411134	0.4413171360829676	0.4329802466220599	0.44965402554387524	2907104.496844113	130.150.x
0136.2.1.2940	1.3773021586920067	0.3100466751275099	1.6873488338195166	0.4442533073051377	0.43593631243205166	0.4525703021782237	2939224.2478206754	164.150.x
0136.2.1.2998	1.3283535129526503	0.3148270524933676	1.6431805654460179	0.43967763991332487	0.4313020818867983	0.4480531979398515	2997283.940203488	164.150.y
0136.2.1.3054	1.5433094049482072	0.37028336176616894	1.9135927667143762	0.44208547191596165	0.43373847573963786	0.45043246809228543	3053817.7536800504	149.150.y
0136.2.1.3096	1.6626181332495606	0.37415966678185586	2.0367778000314165	0.4402383953367581	0.43187143183192944	0.44860535884158675	3095245.365984738	149.150.x
0136.2.1.3194	1.6874450298583132	0.3525502149916268	2.03999524484994	0.4437428791183363	0.4354760229382748	0.4520097352983979	3193893.4372738004	147.150.x
0136.2.1.3256	1.3637640913523605	0.271132404455365	1.6348964958077254	0.43853617806257006	0.4301639856528148	0.44690837047232534	3256759.6482113004	153.150.y
0136.2.1.3318	1.480265442387445	0.27709508871325556	1.7573605311007006	0.4395483738473883	0.43121951366781275	0.44787723402696394	3317337.0407894254	153.150.x
0136.2.1.3364	1.15759916575903	0.1847198420995702	1.3423190078586003	0.4391866180210697	0.43087877457940493	0.4474944614627344	3363418.5837581754	132.150.x
0136.2.1.3436	1.9710396564347734	0.7294567318462812	2.7004963882810546	0.4396559274565651	0.43134532276809523	0.44796653214503507	3435440.0681331754	132.150.y
0136.2.1.3494	1.39774053942827	0.3232908357904644	1.7210313752187345	0.44295318928302607	0.43466209236675013	0.45124428619930207	3494033.8181331754	128.150.y
0136.2.1.3540	1.3919785392637136	0.297584527127729	1.6895630663914425	0.44301542814841455	0.4347094155081468	0.45132144078868236	3540802.006609738	128.150.x
0136.2.1.3670	1.3535408729405192	0.24915573208104858	1.6026966050215679	0.44455250992075923	0.4362426097250971	0.4528624101164214	3669815.0681331754	164.220.y
0136.2.1.3736	1.342980321603064	0.23099452477978344	1.5739748463828473	0.4434294214732768	0.43511141133054565	0.45174743161600794	3735504.155047238	164.220.x
0136.2.1.3796	1.2748105560641745	0.21029529696780855	1.485105853031983	0.44299742150921595	0.43470647102779836	0.4512883719906335	3795089.7263363004	148.220.x
0136.2.1.3856	1.3847168281049491	0.20793800178384536	1.5926548298887944	0.44001710381467135	0.4316314719554093	0.4484027356739334	3856811.528094113	148.220.y
0136.2.1.3934	1.2849176533399738	0.17839291386363518	1.4633105672036089	0.4424073044195064	0.4340704753645781	0.4507441334744346	3933639.5310238004	147.220.y
0136.2.1.4000	1.2954055618471694	0.17112514857280925	1.4665307104199787	0.44297885556257616	0.4347025451184674	0.4512551660066849	4000473.0271175504	147.220.x
0136.2.1.4070	1.22184537623966	0.1538039151631348	1.3756492914027947	0.44271810270403267	0.4343700110912323	0.4510661943168331	4069137.5778988004	128.220.x
0136.2.1.4134	1.2734960077675912	0.14542473172624726	1.4189207394938383	0.4420502232371535	0.43372913543264247	0.45037131104166445	4134979.252703488	128.220.y
0136.2.1.4208	1.2498847305780876	0.13860682288688062	1.3884915534649682	0.43997099942970264	0.43161524813553775	0.44832675072386746	4207153.324969113	150.220.y
0136.2.1.4356	1.1905893913651893	0.10493328132013574	1.295522672685325	0.43948413415960785	0.4311656787066376	0.4478025896125782	4355316.166765988	134.220.x
0136.2.1.4434	1.1909936984166216	0.1208969893117806	1.3118906877284022	0.4388338553989545	0.4304970703891797	0.4471706404087293	4433135.990984738	134.220.y
0136.2.1.4500	1.8250647022351754	0.1353103982775825	1.9603751005127579	0.4387529086522838	0.4304132743607738	0.4470925429437937	4499435.4294613	153.220.y
0136.2.1.4570	1.1888387582704407	0.0805272686015307	1.2693660268719713	0.43905457082990773	0.43074338429892123	0.44736575736089423	4570312.504656613	153.220.x
0136.2.1.4656	1.848170956173155	0.12890490719530523	1.9770758633684602	0.44002414042738647	0.43164498882535796	0.44840329202941503	4655303.959734738	149.220.x
0136.2.1.4736	1.86300780814445	0.1441722555976811	2.007180063742131	0.43873030440089184	0.4303695272120187	0.44709108158976496	4736862.1872738	149.220.y
0136.2.1.4816	1.7468836848218074	0.11095656302504757	1.857840247846855	0.4437185691543536	0.4354501975294838	0.45198694077922336	4815902.71461755	146.220.y
0136.2.1.4904	1.8512865970176948	0.11311189487465512	1.9643984918923498	0.4448221174335034	0.4364996617926806	0.4531445730743262	4903869.633562863	146.220.x
0136.2.1.4984	1.688746553937673	0.10412225788552053	1.7928688118231935	0.44089121959877464	0.432589313253537	0.44919312594401223	4984359.74586755	130.220.x
0136.2.1.5072	1.859136374105243	0.10196242888721703	1.9610988029924599	0.4418178053986795	0.43348961880819914	0.45014599198915983	5071640.01930505	130.220.y
0136.2.1.5152	1.9270222458813744	0.09683999386990509	2.0238622397512795	0.4364983151482076	0.4281596924430815	0.44483693785333367	5152664.189226925	132.220.y
0136.2.1.5244	1.8911078401893477	0.09733743783499285	1.9884452780243407	0.43909603161014643	0.4307537088672575	0.4474383543530353	5244369.51149255	132.220.x
0136.2.2.1704	1.18579527680198	0.27797578012386626	1.4637710569258462	0.43554439202429873	0.4271786382349614	0.443910145813636	1703491.2155941129	152.90.y
0136.2.2.1726	1.3680753603826206	0.28611998987860215	1.6541953502612228	0.43674234160475767	0.42835127323376554	0.44513340997574974	1725616.4597347379	152.90.x
0136.2.2.1756	1.3210378626844046	0.29374704845956795	1.6147849111439725	0.4385379521154087	0.4301639856528148	0.44691191857800266	1755981.4499691129	168.90.x
0136.2.2.1782	1.4746197336703086	0.2985447427539188	1.7731644764242274	0.4357213784017465	0.42731041846628237	0.4441323383372106	1782302.8611019254	168.90.y
0136.2.2.1820	1.3379489024791493	0.284230555678632	1.6221794581577813	0.4395374131884291	0.4311863320842626	0.44788849429259553	1819610.6003597379	198.90.y
0136.2.2.1856	1.289549129893332	0.28169086523017534	1.5712399951235072	0.4391388648973972	0.4307952256747569	0.4474825041200374	1855926.5183284879	198.90.x
0136.2.2.1872	1.4773448880461977	0.3285282656900945	1.8058731537362922	0.44206735301428146	0.43372913543264247	0.45040557059592046	1871109.0134456754	181.90.x
0136.2.2.1912	1.5185864182625315	0.3445213052918133	1.8631077235543447	0.44169350641585603	0.43332219106797965	0.45006482176373247	1911926.2741878629	181.90.y
0136.2.2.1954	1.2036045219357436	0.28286487550074346	1.486469397436487	0.44056590133664486	0.4322072770115124	0.44892452566177726	1954116.8259456754	197.90.y
0136.2.2.1972	1.796949855435026	0.3861751718212733	2.1831250272562994	0.44039319451032044	0.43202994581748655	0.44875644320315433	1972579.9607113004	197.90.x
0136.2.2.2012	1.2969766348512037	0.29728485381774433	1.5942614886689481	0.44149588356693636	0.4331410488397296	0.4498507182941431	2012557.9880550504	165.90.x
0136.2.2.2032	1.595276027279551	0.32924066191811224	1.9245166891976633	0.4413137024785598	0.4329719950399095	0.44965540991721004	2031097.4167659879	165.90.y
0136.2.2.2080	1.3953348678088293	0.3163367323281415	1.711671600136971	0.43750627775203654	0.42913025472952704	0.445882300774546	2079467.7780941129	167.90.y
0136.2.2.2116	0.4047662453003731	1.3658334657582472	1.7705997110586202	0.5504196435574684	0.5506293545106615	0.5502099326042753	2115554.8142269254	167.90.x
0136.2.2.2160	1.5341412239119032	0.370885516247703	1.9050267401596062	0.4394958247332379	0.4311656787066376	0.44782597075983827	2159271.244890988	183.90.x
0136.2.2.2194	1.5820552107586114	0.38656009571822064	1.9686153064768321	0.43925999024246154	0.4309008970745083	0.44761908341041484	2193069.4626644254	183.90.y
0136.2.2.2216	1.6117561031123326	0.38439259106684764	1.9961486941791802	0.4405293773357772	0.43216597990312877	0.4488927747684256	2215576.176531613	182.90.y
0136.2.2.2270	1.4392627585144857	0.38566409701424476	1.8249268555287306	0.4399902923511968	0.4315990281184554	0.44838155658393813	2269134.526140988	182.90.x
0136.2.2.2282	1.6493474372347678	0.4059241635522157	2.0552716007869836	0.43932298357951943	0.4309426866314183	0.44770328052762054	2281723.0271175504	166.90.y
0136.2.2.2330	1.5638290745367973	0.3932971650299738	1.9571262395667712	0.4403323141922734	0.43202994581748655	0.4486346825670603	2329254.155047238	166.90.x
0136.2.2.2374	1.6007806122275463	0.4149862399803953	2.0157668522079417	0.43734910313269404	0.4289680577686674	0.4457301484967206	2373428.3493831754	151.90.y
0136.2.2.2418	1.7414562906410123	0.4220570119612927	2.163513302602305	0.43457325546219255	0.42615641837142704	0.44299009255295807	2417221.0739925504	151.90.x
0136.2.2.2502	1.5301417671573663	0.421233110319209	1.9513748774765753	0.44457998032448504	0.43628733651602225	0.4528726241329478	2502288.823015988	197.150.y
0136.2.2.2556	1.464312960710799	0.3482796530301144	1.8125926137409134	0.44411705700586196	0.4358016663854123	0.45243244762631163	2556838.9939144254	197.150.x
0136.2.2.2592	1.6613571153874276	0.4297245482201812	2.091081663607609	0.4375094764287216	0.4291339395438456	0.44588501331359764	2591705.326922238	168.150.x
0136.2.2.2638	1.3756767638150647	0.35202770695581714	1.7277044707708817	0.44037105113372377	0.4320303305008153	0.44871177176663224	2637176.518328488	168.150.y
0136.2.2.2676	1.5564026034874154	0.41687572282459906	1.9732783263120146	0.44327253787220966	0.43499054878202514	0.45155452696239423	2675857.5486019254	182.150.y
0136.2.2.2706	1.7380077269318297	0.4357799182459295	2.173787645177759	0.4423537585134364	0.43402754640403707	0.4506799706228357	2706222.5388363004	182.150.x
0136.2.2.2766	1.4133022837248275	0.37146547847639166	1.784767762201219	0.4398133543351225	0.4315026241883526	0.44812408448189234	2765655.522234738	167.150.x
0136.2.2.2826	1.3819641034002141	0.3689448784391898	1.750908981839404	0.42803703122295433	0.4197158916723165	0.43635817077359224	2826232.914812863	167.150.y
0136.2.2.2848	1.5102211281713664	0.38074859606967804	1.8909697242410446	0.43968727634458044	0.4313541401148768	0.44802041257428404	2848510.746844113	151.150.y
0136.2.2.2964	1.3289012173351145	0.3360788686367523	1.6649800859718669	0.443398201209366	0.4351015783123273	0.45169482410640466	2963333.1345394254	198.150.x
0136.2.2.3018	1.3246309997216237	0.3311258340810038	1.6557568338026274	0.4432502614904599	0.4349761803678085	0.4515243426131113	3017883.305437863	198.150.y
0136.2.2.3066	1.581770476914694	0.40549553135164373	1.9872660082663378	0.44247473767703566	0.43413455616182084	0.4508149191922505	3066711.430437863	183.150.y
0136.2.2.3110	1.6935280708255933	0.4165414249769836	2.110069495802577	0.4418186439027605	0.43348961880819914	0.4501476689973219	3109512.3337581754	183.150.x
0136.2.2.3174	1.2660482282767591	0.3207131030991291	1.5867613313758882	0.43849517260215426	0.4301259614992663	0.4468643837050422	3173065.190203488	152.150.x
0136.2.2.3210	1.7812002234694353	0.41137835936048256	2.192578582829918	0.43914039050303944	0.43080260237844037	0.4474781786276385	3209533.696062863	152.150.y
0136.2.2.3268	1.3795530564532816	0.3178725976908069	1.6974256541440884	0.44459440735636835	0.4363114181650882	0.4528773965476484	3267364.506609738	181.150.y
0136.2.2.3326	1.5410767587196434	0.3683176291470117	1.9093943878666553	0.4438601171459421	0.4355397936166252	0.4521804406752589	3326187.1384456754	181.150.x
0136.2.2.3372	-0.013695596036593871	1.6496457645449132	1.6359501685083193	0.5504196435574684	0.5506293545106615	0.5502099326042753	3372421.2693050504	166.150.x
0136.2.2.3440	1.635501982096606	0.3439394899170403	1.9794414720136462	0.44267738045863925	0.434342154881449	0.45101260603582954	3439865.1169613004	166.150.y
0136.2.2.3496	1.3357705408778138	0.2820130473564171	1.6177835882342309	0.4408958605045997	0.43259128055251495	0.4492004404566845	3495025.639422238	165.150.y
0136.2.2.3550	1.3061594571769835	0.2634473577899019	1.5696068149668854	0.4413388750487641	0.43301862338551445	0.44965912671201386	3549804.692156613	165.150.x
0136.2.2.3682	1.3205841174670163	0.24378556178830757	1.5643696792553239	0.44363159913124395	0.43537671593909977	0.4518864823233881	3682022.0993831754	198.220.y
0136.2.2.3750	1.3393504684007607	0.22653296194872016	1.5658834303494809	0.44226137577272506	0.4339980501627867	0.4505247013826635	3749160.7712581754	198.220.x
0136.2.2.3806	1.2489941575713126	0.2190493916736276	1.4680435492449402	0.4368783878365905	0.42852675243605454	0.44523002323712646	3806457.524187863	168.220.x
0136.2.2.3868	1.3253193449238068	0.20564190659910317	1.5309612515229098	0.43866600968272773	0.4302948206084487	0.4470371987570067	3868103.032000363	168.220.y
0136.2.2.3940	1.3593503659953075	0.20200199382789974	1.561352359823207	0.4396850713563769	0.43134532276809523	0.4480248199446586	3940048.2224300504	152.220.y
0136.2.2.4072	1.1620099062394185	0.16491880475133225	1.3269287109907506	0.442966359263944	0.43468640883018494	0.4512463096977031	4071121.2204769254	165.220.x
0136.2.2.4138	1.2357754665301317	0.15565642531730692	1.3914318918474387	0.442525632451743	0.4341773172199712	0.45087394768351474	4138565.0681331754	165.220.y
0136.2.2.4216	1.092656898638823	0.12882560306555718	1.2214825017043802	0.44336154344563733	0.43507902460197556	0.4516440622892991	4216079.716570675	197.220.y
0136.2.2.4280	1.9309574243383207	0.2155409904776335	2.1464984148159543	0.444336562401768	0.43609360314523116	0.4525795216583048	4279708.8669613	197.220.x
0136.2.2.4360	1.149014305823208	0.11659080752817824	1.2656051133513864	0.44011402995309257	0.43176244903968525	0.44846561086649983	4359207.157976925	167.220.x
0136.2.2.4436	1.112295571440714	0.10997151989436182	1.2222670913350757	0.4404352379349288	0.4321099504198145	0.44876052545004314	4436874.39430505	167.220.y
0136.2.2.4504	1.5577333971980767	0.1497868637980837	1.7075202609961604	0.444163824056359	0.43581980429559053	0.45250784381712755	4504394.535906613	181.220.y
0136.2.2.4580	0.9950319376058598	0.07984260541923381	1.0748745430250937	0.44343207053316425	0.43512247166599494	0.45174166940033356	4579162.602312863	181.220.x
0136.2.2.4660	0.8102170924873539	0.4667840118304699	1.2770011043178238	0.4426364529901111	0.4343377315131818	0.45093517446704046	4660110.478289425	183.220.x
0136.2.2.4746	2.1365257048029798	0.20096907058184807	2.337494775384828	0.4413734359421809	0.43308195362269686	0.44966491826166505	4746322.63649255	183.220.y
0136.2.2.4822	1.9895215011417815	0.13218587810940388	2.1217073792511854	0.44298624050881574	0.43470917008484733	0.4512633109327841	4822769.169695675	182.220.y
0136.2.2.4908	2.009227531627735	0.1540469724583633	2.163274504086098	0.4409516301742048	0.43263971103054466	0.44926354931786494	4908523.564226925	182.220.x
0136.2.2.4988	-0.019637509270727938	1.9747210078255957	1.9550834985548677	0.5504196435574684	0.5506293545106615	0.5502099326042753	4988632.20680505	151.220.x
0136.2.2.5074	1.999858405611121	0.12735600229977898	2.1272144079109	0.43910427552713155	0.4307605911645176	0.4474479598897455	5073471.07399255	151.220.y
0136.2.2.5158	1.962845015040954	0.12079413154880088	2.083639146589755	0.4404966828649085	0.43214533240406183	0.44884803332575524	5158309.94118005	166.220.y
0136.2.2.5250	1.9076500616787373	0.11848331788658568	2.026133379565323	0.4405526379245978	0.43219547996428886	0.44890979588490676	5249633.793719113	166.220.x
0136.2.3.1700	1.1544940886564161	0.26767512018893264	1.4221692088453488	0.4412710649345332	0.433027033421655	0.44951509644741144	1700210.5759456754	251.90.y
0136.2.3.1722	1.366392763907761	0.279138245064769	1.6455310089725301	0.4425568928275388	0.43431119168982946	0.45080259396524813	1721191.4109066129	251.90.x
0136.2.3.1754	1.3540117490442123	0.3011031595692458	1.655114908613458	0.42681655884588254	0.41846711842917445	0.4351659992625906	1753005.9861019254	154.90.x
0136.2.3.1774	1.558661480605792	0.3093369685290489	1.8679984491348407	0.4320049844423681	0.4236234866361528	0.4403864822485835	1774749.7605159879	154.90.y
0136.2.3.1814	1.3661774018631472	0.293818465077634	1.659995866940781	0.4399758613399457	0.43165579966329837	0.448295923016593	1813659.6726253629	241.90.y
0136.2.3.1852	1.3103271999539858	0.288537189311738	1.5988643892657237	0.4375231089768211	0.4292076681765984	0.4458385497770439	1852416.9968441129	241.90.x
0136.2.3.1866	1.50786491138264	0.3065028034235073	1.8143677148061472	0.4401710025388599	0.4318775752098958	0.4484644298678239	1866989.1403988004	228.90.x
0136.2.3.1948	1.202004728733348	0.29229768035423176	1.4943024090875798	0.43782328795216086	0.4294817473596506	0.44616482854467104	1947479.2527034879	216.90.y
0136.2.3.1966	1.8485861079097115	0.3915426263395124	2.240128734249224	0.43800212382676185	0.4296318584386256	0.44637238921489814	1966552.7390316129	216.90.x
0136.2.3.2028	1.4079552718856867	0.3063380587579602	1.714293330643647	0.4388517359659756	0.4305368886539185	0.44716658327803277	2028274.5407894254	200.90.y
0136.2.3.2078	0.8875358162280699	0.7383769574656539	1.6259127736937238	0.4847222229744119	0.5506293545106615	0.41881509143816226	2078170.7810238004	215.90.y
0136.2.3.2110	1.4739371120867015	0.30778369392290333	1.7817208060096048	0.43855111215795506	0.4301846396314737	0.4469175846844364	2109832.768328488	215.90.x
0136.2.3.2154	1.4843905455120439	0.38934036174589826	1.873730907257942	0.43509387706468106	0.42671761329817315	0.443470140831189	2153625.492937863	187.90.x
0136.2.3.2188	1.5743535625245837	0.3830018936804006	1.9573554562049844	0.43547192929381384	0.4270762322722188	0.4438676263154089	2188110.356219113	187.90.y
0136.2.3.2210	1.5691301358310548	0.3794781506136108	1.9486082864446654	0.4399510465513442	0.4316422837571601	0.44825980934552834	2210388.188250363	240.90.y
0136.2.3.2264	1.3962915778867226	0.366667179501273	1.7629587573879957	0.44088394059487507	0.43263971103054466	0.4491281701592055	2264862.065203488	240.90.x
0136.2.3.2278	1.5893200150692874	0.3950646635390476	1.984384678608335	0.4419404169110963	0.43372363054796637	0.4501572032742262	2277526.860125363	239.90.y
0136.2.3.2326	1.5248139238009695	0.3741326135915973	1.8989465373925667	0.44269222433884936	0.4344187788925442	0.45096566978515457	2325515.7517269254	239.90.x
0136.2.3.2368	1.5369778224834123	0.38625380714987834	1.9232316296332908	0.4384985045727877	0.4301259614992663	0.44687104764630914	2368545.5368831754	201.90.y
0136.2.3.2410	1.6695774592144708	0.39739441758269745	2.0669718767971683	0.4380924351909433	0.42973802305068887	0.44644684733119777	2409896.8552425504	201.90.x
0136.2.3.2454	-0.008057353760986485	1.0541868617609003	1.0461295079999138	0.5504196435574684	0.5506293545106615	0.5502099326042753	2454528.813250363	lc_resistor
0136.2.3.2496	1.520625536827025	0.3820261717443635	1.9026517085713885	0.43997917770652195	0.43163958173119354	0.44831877368185036	2495117.192156613	216.150.y
0136.2.3.2550	1.4301984888030548	0.3273093989150835	1.7575078877181383	0.43965920223819976	0.4313256719197085	0.44799273255669103	2550201.420672238	216.150.x
0136.2.3.2584	1.6690270829312945	0.4044761516500265	2.073503234581321	0.4387928795429066	0.430446692335245	0.44713906675056814	2584228.520281613	154.150.x
0136.2.3.2632	1.3680369632204794	0.316940122146493	1.6849770853669723	0.437829581301669	0.4294886244373721	0.44617053816596586	2631912.2361019254	154.150.y
0136.2.3.2668	1.4972437536301992	0.371662148741041	1.8689059023712402	0.44406618819704335	0.43581980429559053	0.45231257209849624	2668838.5056331754	240.150.y
0136.2.3.2700	1.6926587706467144	0.3931546620054169	2.0858134326521314	0.4425872287467434	0.4343156153048682	0.45085884218861855	2699356.0837581754	240.150.x
0136.2.3.2762	1.3784818677814599	0.3079713564945719	1.6864532242760317	0.4403228400492273	0.43202994581748655	0.44861573428096807	2761840.824969113	215.150.x
0136.2.3.2816	1.313964983464808	0.3078553931291423	1.6218203765939503	0.4291405294424475	0.4208294992401065	0.43745155964478855	2816772.465594113	215.150.y
0136.2.3.2840	1.4618238520470026	0.33207385299309505	1.7938977050400977	0.4404750050153765	0.43213058580449015	0.44881942422626286	2839813.237078488	201.150.y
0136.2.3.2908	1.5521501402163356	0.3682630164246574	1.920413156640993	0.4391576601020233	0.4308394591081086	0.447475861095938	2907485.9665706754	201.150.x
0136.2.3.2952	1.3715494860493298	0.2901581524512085	1.6617076385005383	0.44327054876457817	0.4350458493131484	0.451495248216008	2952880.864031613	241.150.x
0136.2.3.3014	1.3108521995283284	0.2783215942917339	1.5891737938200623	0.44352048832569746	0.4352919132297437	0.4517490634216512	3013000.492937863	241.150.y
0136.2.3.3104	1.7137921319606808	0.3442948177973051	2.058086949757986	0.4397565529242251	0.4314289044513018	0.4480842013971484	3104934.6970394254	187.150.x
0136.2.3.3170	1.203410472243211	0.24435163142957805	1.4477621036727892	0.4443809970805779	0.43619190395491003	0.45257009020624567	3170013.432390988	251.150.x
0136.2.3.3204	1.688561655551551	0.34774546206222984	2.036307117613781	0.44302342925273197	0.43479828472422	0.45124857378124394	3203430.180437863	251.150.y
0136.2.3.3262	1.3384660849848733	0.25018803798714906	1.5886541229720224	0.4414200997983009	0.433179985149593	0.4496602144470088	3262863.1638363004	228.150.y
0136.2.3.3322	1.4888649502405003	0.2901712461890131	1.7790361964295134	0.4416185106358116	0.4333287519179194	0.44990826935370376	3321609.5017269254	228.150.x
0136.2.3.3368	1.3203721660285341	0.2340329700571632	1.5544051360856974	0.44441126204069187	0.43622164390493445	0.4526008801764493	3367385.8689144254	239.150.x
0136.2.3.3436	1.6083213353750967	0.2843032944367585	1.8926246298118552	0.4411862946497698	0.4329685349064505	0.44940405439308906	3436737.065203488	239.150.y
0136.2.3.3492	1.3112810804534312	0.20696463490523412	1.5182457153586653	0.4406507765550315	0.4323198490579685	0.44898170405209453	3491744.9997738004	200.150.y
0136.2.3.3546	1.3157850363202097	0.21339327548543352	1.5291783118056432	0.4403308010195075	0.43202994581748655	0.4486316562215285	3546524.0525081754	200.150.x
0136.2.3.3746	1.2366401858634748	0.17586119670084438	1.4125013825643191	0.44356337668748114	0.4353710597188041	0.45175569365615814	3746261.6013363004	241.220.x
0136.2.3.3802	1.2975094804966056	0.1730567709841169	1.4705662514807225	0.4401017703158457	0.4317473117986381	0.44845622883305325	3802337.651140988	154.220.x
0136.2.3.3938	1.1873433547443284	0.11604795705017684	1.3033913117945053	0.4436754406711205	0.4355276154491534	0.45182326589308763	3937530.522234738	251.220.y
0136.2.3.4004	1.1964741254167113	0.15764782673582176	1.354121952152533	0.443926615977413	0.4357517737578043	0.45210145819702174	4004592.9001644254	251.220.x
0136.2.3.4136	1.070537066707874	0.10792074212056747	1.1784578088284414	0.4348149449656375	0.4264796396701378	0.4431502502611372	4136352.543719113	200.220.y
0136.2.3.4212	1.0881165314681354	0.18995963861640722	1.2780761700845427	0.4404504775944428	0.4321011011359168	0.4487998540529688	4211349.4919613	216.220.y
0136.2.3.4274	1.9635295476798011	0.18106157052578792	2.144591118205589	0.44020718271729864	0.4318837190050644	0.44853064642953283	4273452.763445675	216.220.x
0136.2.3.4434	1.066152048916574	0.09449243021749604	1.16064447913407	0.44044892550798187	0.43212468861331743	0.4487731624026463	4434127.8122738	215.220.y
0136.2.3.4498	0.5538462976995518	0.773928830927571	1.3277751286271229	0.5504196435574684	0.5506293545106615	0.5502099326042753	4497985.844500363	228.220.y
0136.2.3.4576	1.2001777755916412	0.11217701383198209	1.3123547894236232	0.44093516142676004	0.43263971103054466	0.4492306118229754	4575881.962664425	228.220.x
0136.2.3.4744	1.7683075661384529	0.12114193073549646	1.8894494968739493	0.43859688388959095	0.4302023401868418	0.4469914275923402	4743728.642351925	187.220.y
0136.2.3.5070	1.3476515125300643	0.13969165610001166	1.487343168630076	0.439794225696153	0.4314694490581523	0.4481190023341537	5070571.904070675	201.220.y
0136.2.3.5156	-0.0216954101523803	2.4623002556916336	2.4406048455392533	0.5504196435574684	0.5506293545106615	0.5502099326042753	5156784.0622738	239.220.y
0136.2.3.5248	1.7290338385107786	0.08831112989384197	1.8173449684046206	0.443620137167415	0.4354760229382748	0.4517642513965551	5248031.62086755	239.220.x
0136.2.4.1696	1.2044504424560674	0.26709609963363945	1.4715465420897067	0.43728211840892767	0.4288943315408833	0.44566990527697203	1696853.6423519254	185.90.y
0136.2.4.1722	1.3442928315430547	0.27869922405945796	1.6229920556025126	0.4379913942986503	0.4296132409933069	0.4463695476039938	1721496.5866878629	185.90.x
0136.2.4.1748	-0.03150813077019099	1.6499365570224689	1.618428426252278	0.5504196435574684	0.5506293545106615	0.5502099326042753	1748428.3493831754	186.90.x
0136.2.4.1770	1.5221146518038444	0.30476988809227046	1.8268845398961149	0.4374704953276711	0.42910444263888614	0.44583654801645617	1770401.0056331754	186.90.y
0136.2.4.1806	1.364238824692594	0.2872393846569191	1.651478209349513	0.4403328763396279	0.43202994581748655	0.44863580686176924	1806716.9236019254	227.90.y
0136.2.4.1844	1.3820074441397596	0.2845518260383948	1.6665592701781544	0.4422890081227674	0.43406162583845287	0.45051639040708197	1844482.4265316129	227.90.x
0136.2.4.1866	1.4910801762729895	0.30089216616005077	1.7919723424330403	0.4396072831554435	0.4312627608329933	0.44795180547789365	1865997.3191097379	199.90.x
0136.2.4.1964	1.476457658832703	0.34434869995575706	1.82080635878846	0.4398442492498603	0.4315394915891684	0.4481490069105523	1964569.0964534879	214.90.x
0136.2.4.2016	1.2156383612155488	0.29345471005761187	1.5090930712731607	0.4368803055096197	0.4285352498212376	0.4452253611980018	2016525.2732113004	169.90.x
0136.2.4.2036	1.5377263945057758	0.32295569759009624	1.860682092095872	0.43554948170046426	0.4271884638534402	0.44391049954748835	2035446.1716488004	169.90.y
0136.2.4.2078	1.3410051085508128	0.3129065158564469	1.6539116244072598	0.4412283064219764	0.4329685349064505	0.4494880779375023	2077789.3112972379	212.90.y
0136.2.4.2116	1.384767556458657	0.31828190626065883	1.7030494627193158	0.43994083878683726	0.43158010114489365	0.4483015764287809	2115173.344500363	212.90.x
0136.2.4.2156	1.5432677050656698	0.3674118640154815	1.9106795690811513	0.44182599054288824	0.43350894017910946	0.450143040906667	2155151.371844113	226.90.x
0136.2.4.2210	1.477776775052532	0.3667398056786613	1.8445165807311932	0.43914533922836047	0.4308124313522175	0.44747824710450346	2210922.2458675504	213.90.y
0136.2.4.2266	1.3792462941735912	0.3631393183391009	1.7423856125126922	0.44093746001563827	0.43263971103054466	0.4492352090007319	2266616.8259456754	213.90.x
0136.2.4.2282	1.6040642547575812	0.3917656137905061	1.9958298685480873	0.4360135169132198	0.42758477955203844	0.4444422542744012	2281799.321062863	170.90.y
0136.2.4.2330	1.484191900566935	0.37981178247090636	1.8640036830378415	0.43760559737501037	0.4292802187781035	0.4459309759719172	2330017.094500363	170.90.x
0136.2.4.2378	1.4604724118512793	0.3825343365035563	1.8430067483548356	0.43739371360439394	0.42900491362742166	0.4457825135813662	2378616.3376644254	184.90.y
0136.2.4.2416	1.6105798359468069	0.39207261051092346	2.00265244645773	0.4379734523280442	0.42958963875628875	0.4463572658997997	2415847.7829769254	184.90.x
0136.2.4.2484	1.5215547195968948	0.3902865904404677	1.9118413100373626	0.44264553640417525	0.4343700110912323	0.45092106171711827	2484817.5095394254	214.150.y
0136.2.4.2542	1.401440858586093	0.32765244112646996	1.729093299712563	0.4403337087442497	0.43202994581748655	0.4486374716710128	2542572.026140988	214.150.x
0136.2.4.2582	1.5830039628739119	0.3944783260591041	1.977482288933016	0.43795670174328993	0.4295817741834025	0.44633162930317744	2582626.3474300504	186.150.x
0136.2.4.2634	1.3039339562489896	0.31801487783673366	1.621948834085723	0.43768841438230255	0.42938246153242154	0.4459943672321835	2634048.4665706754	186.150.y
0136.2.4.2674	1.4269604652919206	0.3730403895011842	1.8000008547931048	0.44252362002524553	0.43418468805814037	0.4508625519923507	2673339.848406613	213.150.y
0136.2.4.2700	1.6511394523508045	0.39773073522960484	2.0488701875804094	0.44219742987742255	0.43392430704166784	0.45047055271317726	2699966.4353206754	213.150.x
0136.2.4.2762	-0.020580281982956805	1.6732292186213962	1.6526489366384394	0.5504196435574684	0.5506293545106615	0.5502099326042753	2761306.7673519254	212.150.x
0136.2.4.2820	1.2922145841569734	0.30382801591656616	1.5960426000735395	0.44382821580067444	0.4355397936166252	0.45211663798472373	2819824.223406613	212.150.y
0136.2.4.2848	1.3963798339032456	0.3167815856976044	1.71316141960085	0.44175832138746945	0.43347293375040863	0.4500437090245303	2847671.5134456754	184.150.y
0136.2.4.2916	1.4390509827666715	0.3600821766694574	1.7991331594361288	0.44033854884124746	0.43202994581748655	0.44864715186500836	2916793.8278988004	184.150.x
0136.2.4.2946	0.1462255940344832	1.505913423343005	1.6521390173774881	0.5504196435574684	0.5506293545106615	0.5502099326042753	2946853.6423519254	227.150.x
0136.2.4.3004	1.273266192903044	0.283560822009763	1.556827014912807	0.44313123139230076	0.4348950028765586	0.45136745990804295	3003997.807390988	227.150.y
0136.2.4.3062	1.4548399064220032	0.3460459712618087	1.800885877683812	0.4436071576806229	0.4353823649205566	0.45183195044068925	3061599.7361019254	226.150.y
0136.2.4.3102	0.42933575023485426	1.512623261635356	1.9419590118702104	0.5504196435574684	0.5506293545106615	0.5502099326042753	3101501.469500363	226.150.x
0136.2.4.3166	1.1939087225517868	0.2644787646355496	1.4583874871873364	0.4394005175864783	0.4310560491013007	0.4477449860716559	3166656.498797238	185.150.x
0136.2.4.3202	1.6595419738337425	0.32886978490450636	1.9884117587382488	0.5000190258560071	0.5505802528839041	0.44945779882811016	3202743.5349300504	185.150.y
0136.2.4.3268	1.299729602019799	0.266269829620746	1.565999431640545	0.44214926460980397	0.43384912247589114	0.45044940674371675	3267669.682390988	199.150.y
0136.2.4.3324	1.4429559113373667	0.2827715549035141	1.7257274662408808	0.4421779695390907	0.4338921290420714	0.4504638100361101	3324279.789812863	199.150.x
0136.2.4.3372	1.2773821920155084	0.2514832258231514	1.5288654178386598	0.43762644520606964	0.4293116791751057	0.4459412112370335	3372497.563250363	170.150.x
0136.2.4.3442	1.5536103007830957	0.28769758732932077	1.8413078881124165	0.43979740638992604	0.4314657627776075	0.4481290500022446	3441467.289812863	170.150.y
0136.2.4.3502	1.2371642258483229	0.22052947063500292	1.4576936964833258	0.43936483637952956	0.4310127990564041	0.447716873702655	3501205.4489925504	169.150.y
0136.2.4.3550	1.240125412976095	0.21321813376855137	1.4533435467446465	0.43857492789341956	0.4301875742474124	0.4469622815394268	3550491.3376644254	169.150.x
0136.2.4.3740	1.0894893767894533	0.16395389225019721	1.2534432690396506	0.4429461970074329	0.43470156371328805	0.45119083030157775	3739395.1462581754	227.220.x
0136.2.4.3800	1.114517883599338	0.1392031570640396	1.2537210406633774	0.44081649603351014	0.4325676903050564	0.4490653017619639	3799438.481219113	186.220.x
0136.2.4.3862	0.9997636586427181	0.11161532287827834	1.1113789815209965	0.4403273508123092	0.43202994581748655	0.4486247558071319	3861007.6950863004	186.220.y
0136.2.4.3938	1.6586417705358159	0.9767561949984587	2.6353979655342745	0.43976367773797836	0.43142521494327113	0.4481021405326856	3938140.873797238	185.220.y
0136.2.4.4140	-0.015604984366158314	1.371583347838048	1.3559783634718896	0.5504196435574684	0.5506293545106615	0.5502099326042753	4140396.1228206754	169.220.y
0136.2.4.4212	1.1572873966098705	0.1590315679492993	1.3163189645591697	0.44128892598786695	0.4330050176284175	0.4495728343473165	4211196.904070675	214.220.y
0136.2.4.4358	1.0659030291843887	0.1131938426196311	1.1790968718040198	0.44252833688602744	0.4341961689652578	0.450860504806797	4358749.39430505	212.220.x
0136.2.4.4436	1.068139537141051	0.10030361989826342	1.1684431570393143	0.44300727107653126	0.43473758095142756	0.4512769612016349	4436416.630633175	212.220.y
0136.2.4.4506	1.4645754730406624	0.09618563543644551	1.5607611084771078	0.44089993001712235	0.4326148730932573	0.44918498694098746	4505310.063250363	199.220.y
0136.2.4.4578	1.0309785401766507	0.07879877333402105	1.1097773135106717	0.43944460618914005	0.4311302766192213	0.44775893575905884	4577560.4294613	199.220.x
0136.2.4.4658	1.5817548889244464	0.1968797953751762	1.7786346842996226	0.44423812880766206	0.4359510596218197	0.45252519799350444	4657287.602312863	226.220.x
0136.2.4.4740	1.9412919732534193	0.14729960187949906	2.0885915751329183	0.4429549244572532	0.43470401731192787	0.45120583160257854	4740448.002703488	226.220.y
0136.2.4.4818	1.191933027216943	0.16990104279347273	1.3618340700104157	0.4419389661370059	0.43371812930814	0.45015980296587177	4817123.41774255	213.220.y
0136.2.4.4906	2.0202751225469555	0.14356331228551988	2.1638384348324755	0.44409069987688365	0.43581980429559053	0.4523615954581767	4906616.215594113	213.220.x
0136.2.4.4990	1.7206008662398022	0.09922571380427708	1.8198265800440794	0.44066990862017297	0.43235055373932596	0.4489892635010199	4989089.970476925	184.220.x
0136.2.4.5076	1.8527780720394382	0.10519986375865563	1.9579779357980938	0.4405462249802242	0.4322102252020983	0.4488822247583501	5075988.774187863	184.220.y
0136.2.4.5158	1.863358186772445	0.12909180573482723	1.992449992507272	0.4396909189919334	0.4313541401148768	0.44802769786899	5158081.059344113	170.220.y
