1.302878062458553910e+07	1.073098160617970861e+05	1.014463815941384571e-11	9.233689930084743537e+04	5.027996607869864021e-02	9.552751105702275702e-02	1.114480187546114387e-01	1.019005551007806237e-01	9.750887643460995347e-02	9.642186636357549800e-02	9.752176621368940923e-02	9.724767271626207077e-02	9.765590830112320930e-02	9.999690196595248382e-02	4.528310948948353898e-02	1.059208752456153174e-01	9.687184976607952913e-02	9.279526461542988991e-02	9.164238944753400062e-02	9.270375414024237259e-02	9.245702743988884476e-02	9.285707605553633615e-02	9.517338389505056173e-02	6.192357911041542623e-02	1.132824398520288489e-01	1.085319731928559711e-01	1.071940807743722024e-01	1.085370305622905263e-01	1.082552146185861847e-01	1.087277075582038788e-01	1.112017507869639404e-01	5.181575491664823507e-02	9.937850766101191669e-02	9.816539019798854737e-02	9.931904681652499456e-02	9.892091632867253126e-02	9.935333264496931660e-02	1.017569189605762869e-01	4.761560149786013552e-02	9.393609874733510612e-02	9.504062872475764479e-02	9.480029733783568169e-02	9.534287520307646591e-02	9.765494486866899138e-02	4.639769332424775738e-02	9.387750490444665696e-02	9.377957088822466702e-02	9.417761682523276279e-02	9.647042032930792932e-02	4.756247527064960678e-02	9.487071217101489262e-02	9.528950419223281010e-02	9.878848987711666418e-02	4.731425907802135067e-02	9.620886235804237963e-02	9.854722515475852762e-02	4.832204819492917636e-02	9.898685339879900735e-02	5.068503235907677318e-02
1.073098160617970861e+05	9.296285778261897121e+02	5.599837461677500194e-13	8.457158206812733852e+02	-5.419617055350390124e-04	-7.759809291159544282e-04	-7.021898164320491183e-04	-5.178984249840145942e-04	-4.036980755967239996e-04	-3.440554475298126993e-04	-2.294870217884606911e-04	-1.262169939318943208e-04	-2.180776360865614130e-05	1.517852282649726631e-04	-2.479346788371123919e-04	-3.838784125720454696e-04	-2.323053636654997655e-04	-1.322066106893221376e-04	-7.721098604559497539e-05	3.654661666476912660e-05	1.330092554949717639e-04	2.325683168525069869e-04	4.013507041856594071e-04	-1.086463264437165981e-04	-5.941538325232474584e-05	4.940868075910399392e-05	1.124224949652038487e-04	2.495948559483804341e-04	3.624087289123212796e-04	4.791937497003286093e-04	6.798400940775119715e-04	3.623621170402733854e-05	1.681471603132352630e-04	2.249210428197727352e-04	3.527070345774937100e-04	4.553033030565222612e-04	5.621793245040102504e-04	7.474322097165066615e-04	1.283817131669572683e-04	3.107729867892904292e-04	4.356336944432173349e-04	5.339883583127959894e-04	6.375693958172994492e-04	8.173399271774323127e-04	1.819770381841162381e-04	4.889572510224720562e-04	5.868628351038005170e-04	6.891563923051211276e-04	8.683842860574824286e-04	3.094918535390982954e-04	7.175183576314421441e-04	8.216762137659352084e-04	1.005762132205988016e-03	4.074868767846273046e-04	9.186395946075791687e-04	1.103176041262923616e-03	5.112108579074613321e-04	1.207892201201152434e-03	6.991839842386188058e-04
1.014463815941442086e-11	5.599837461677499184e-13	5.374133141057145708e-23	1.353973475973020998e-12	-5.418333545467883246e-17	-1.868781862706148499e-17	-4.335324339124428999e-17	5.565358016515934415e-17	9.491991932712687835e-17	3.787812545874341994e-17	-1.468901259090549168e-16	9.007887412203902487e-17	-4.013649987520987671e-17	1.295616298724462146e-17	-3.446947867580954603e-17	1.092220226209534194e-17	2.432620589796514924e-17	-4.099382006587083554e-18	-3.458354044429986924e-17	-5.780141209659446013e-18	5.133020514713287607e-17	-6.415611000533761928e-17	5.115259968721441705e-17	1.728522215404985414e-17	3.494771112792986278e-17	-2.567867123718873339e-17	-6.301206171953543271e-17	1.738447867172386231e-16	-1.008648697813920363e-16	-8.348055283522538339e-17	1.146462403955846284e-17	2.006247773755004218e-17	-3.635570988954067269e-17	-6.372362180993743144e-17	2.239834570654815705e-17	2.274784138446645686e-17	4.494208230244346570e-18	-1.821378545412310790e-17	-1.486452812565812655e-17	2.446780807925105353e-18	3.631500926905839899e-17	-6.707034185989327502e-18	5.566516637313037295e-17	-6.957494201579879059e-17	-5.418176147806468291e-17	1.880832543644783492e-17	-3.846437936955048790e-17	3.545421143198477659e-17	4.144196383753263993e-17	-6.708206308303763384e-18	3.544790414357672334e-17	2.319957181991617861e-17	-6.035949559394268249e-17	-6.288068795192993004e-18	8.185985729972859241e-17	-6.601232724889942253e-17	-5.641169241486253641e-17	2.909844826498653208e-17	3.072189294758337156e-17
9.233689930084744992e+04	8.457158206812732715e+02	1.353973475973011708e-12	8.264402811494937851e+02	-8.608599034903391357e-04	-1.523627945595202671e-03	-1.623006016688860334e-03	-1.356181052959018604e-03	-1.189201770620016124e-03	-1.069911192271344458e-03	-9.678940683292427223e-04	-8.622246974627984298e-04	-7.668160394619800415e-04	-6.834582267046564186e-04	-6.512973753702699237e-04	-1.332001296461775026e-03	-1.070648617543775013e-03	-8.971355137340852968e-04	-7.643312656394615290e-04	-6.407616946564839190e-04	-5.240009558865023820e-04	-4.166538744938774416e-04	-3.178489840186246910e-04	-6.476933196907990820e-04	-9.868093105251936163e-04	-7.717825636459183956e-04	-5.983005462283008322e-04	-4.273052292938333803e-04	-2.761893247018389107e-04	-1.348258183262933223e-04	-5.672920099371011118e-08	-3.525725310475358049e-04	-5.016303022717813693e-04	-3.314731616145202039e-04	-1.582615934204607551e-04	-9.949450658348023540e-06	1.294104891942783435e-04	2.652207720457755479e-04	-1.500269658642110562e-04	-1.269421084272959015e-04	5.547429794486427373e-05	2.063378725014406302e-04	3.496714731447947942e-04	4.912816303041136860e-04	2.720772449658247354e-05	2.492628337268356568e-04	4.069203238056831812e-04	5.564399859806468899e-04	7.064615939350968755e-04	2.313028667915887704e-04	6.300512597785742647e-04	7.899519974756608791e-04	9.535017203454150894e-04	4.010774056693349929e-04	9.729640475751318669e-04	1.143809683645276862e-03	5.724174122240034994e-04	1.323595820342386795e-03	7.559452975742006866e-04
5.027996607869864021e-02	-5.419617055350390124e-04	-5.418333545467883246e-17	-8.608599034903391357e-04	1.280241348388618805e-01	-1.992111423807861305e-05	-2.353330601426465170e-05	-2.162812118274853195e-05	-2.091858817305953806e-05	-2.084939256541503666e-05	-2.129478676299691105e-05	-2.122674710722070320e-05	-2.126561860508643017e-05	-2.154895106323305169e-05	7.890972730379857528e-10	1.866344926295863533e-09	1.716705143829282121e-09	1.661032619989918001e-09	1.655694567954024989e-09	1.691052389412391535e-09	1.685636648384234763e-09	1.688783972148653482e-09	1.711348211352545330e-09	1.103622790322976786e-09	2.030377166902521881e-09	1.964578391926572630e-09	1.958275460051556125e-09	2.000093834571646267e-09	1.993687331132085037e-09	1.997412898415909139e-09	2.024104551265015037e-09	9.338831951371526978e-10	1.807274395272431252e-09	1.801483419679525004e-09	1.839951884173897681e-09	1.834057112352999751e-09	1.837485507328372560e-09	1.862042039903446208e-09	8.743789094797694014e-10	1.743157620654610215e-09	1.780379943396498875e-09	1.774675527289607540e-09	1.777993468233894252e-09	1.801755870310312461e-09	8.687881320287828739e-10	1.774679416240754682e-09	1.768993238574638835e-09	1.772300920582002764e-09	1.795987656500096710e-09	9.062874824195420899e-10	1.806767435830142132e-09	1.810145873295007182e-09	1.834338500791472087e-09	9.004892776654770647e-10	1.804346220194784277e-09	1.828461371370545025e-09	9.038604631509452976e-10	1.831881617897913067e-09	9.281827912238309984e-10
9.552751105702275702e-02	-7.759809291159544282e-04	-1.868781862706148499e-17	-1.523627945595202671e-03	-1.992111423807861305e-05	2.836007019162174389e-02	-2.273037971405558906e-05	-2.089315427522758713e-05	-2.021039889581754560e-05	-2.014616162359366902e-05	-2.057929845506706432e-05	-2.051563376464443517e-05	-2.055509742223947750e-05	-2.083074673901118393e-05	-2.204075526481013226e-06	-2.601760306594058958e-06	-2.391007872764112899e-06	-2.312513882110813138e-06	-2.304850477795989874e-06	-2.354088135719952901e-06	-2.346567190717845493e-06	-2.350858752449360820e-06	-2.382174428832732726e-06	2.129661639003170983e-09	3.918229660045799500e-09	3.791483717075869228e-09	3.779579547789889780e-09	3.860577478375555689e-09	3.848427829443968538e-09	3.855812451216171085e-09	3.907518830864235952e-09	1.802309375125288458e-09	3.488090997710644485e-09	3.477154914712550402e-09	3.551669890902556335e-09	3.540491054583036335e-09	3.547287969200648136e-09	3.594861871164663673e-09	1.687681416062730532e-09	3.364787161965596289e-09	3.436893359032179849e-09	3.426075217895765874e-09	3.432653954377960252e-09	3.478692664526534526e-09	1.677123268016997418e-09	3.426126895348214458e-09	3.415342614362638397e-09	3.421901492669939420e-09	3.467796847592036071e-09	1.749773870372279376e-09	3.488532407101216196e-09	3.495232025694505350e-09	3.542111056234972516e-09	1.738775884006247999e-09	3.484230359732922843e-09	3.530961879083821449e-09	1.745461599689279097e-09	3.537745326443988793e-09	1.792598078554040852e-09
1.114480187546114387e-01	-7.021898164320491183e-04	-4.335324339124428999e-17	-1.623006016688860334e-03	-2.353330601426465170e-05	-2.273037971405558906e-05	3.983959101307683187e-03	-2.469908308164606031e-05	-2.389505395271748092e-05	-2.382145641763234090e-05	-2.433583255316186866e-05	-2.426222612119970556e-05	-2.431052018798033652e-05	-2.463807137408434011e-05	1.800858821786804049e-09	-3.077833244912612238e-07	3.919641597037928694e-09	3.793071054462305986e-09	3.781353233592366500e-09	3.862581268867361218e-09	3.850570870995331769e-09	3.858095264687283589e-09	3.909960473218617909e-09	-3.661047189734612349e-07	-3.341451524191770188e-07	-3.231807472176402149e-07	-3.221106194055929248e-07	-3.289910983985220624e-07	-3.279395029233297614e-07	-3.285393739762018762e-07	-3.329160172762373463e-07	2.133285210399585048e-09	4.128989072553696410e-09	4.116278345247085204e-09	4.204699661631047452e-09	4.191624246505734897e-09	4.199827734001299666e-09	4.256302951987537979e-09	1.997941977795197599e-09	3.983591749827462565e-09	4.069162306650030385e-09	4.056507989699213995e-09	4.064449036900271581e-09	4.119106692374925490e-09	1.985669854962706257e-09	4.056647123934147134e-09	4.044031688133761449e-09	4.051949200929430068e-09	4.106439793762541272e-09	2.071893514029287433e-09	4.130900580499669174e-09	4.138988322622988850e-09	4.194649546466683587e-09	2.059027086704655682e-09	4.126116790591331760e-09	4.181604939648807027e-09	2.067098416704741589e-09	4.189794610131920755e-09	2.123070446278289771e-09
1.019005551007806237e-01	-5.178984249840145942e-04	5.565358016515934415e-17	-1.356181052959018604e-03	-2.162812118274853195e-05	-2.089315427522758713e-05	-2.469908308164606031e-05	8.582609977077465101e-04	-2.197226644122393457e-05	-2.190592976374874690e-05	-2.238018753563138835e-05	-2.231343548318008997e-05	-2.235875964804042324e-05	-2.266088069746341927e-05	1.656729465994010453e-09	3.920050622884732616e-09	-6.498903413915491831e-08	3.490447396914888950e-09	3.479787413126039898e-09	3.554643679224288938e-09	3.543671152168304650e-09	3.550675237240684996e-09	3.598484551422161669e-09	2.319000203588767359e-09	-7.677029623558504228e-08	4.130045628697019717e-09	4.117458291838154553e-09	4.206032411622481669e-09	4.193049193603298859e-09	4.201345330610993086e-09	4.257925823526829288e-09	-7.251708006464302582e-08	-6.823808923671144088e-08	-6.801163450534267166e-08	-6.946389813481054094e-08	-6.924148440094660563e-08	-6.936775838936631389e-08	-7.029149273931795300e-08	1.839049496660615845e-09	3.666915482358082769e-09	3.745796637681270420e-09	3.734233478569621118e-09	3.741628065187099979e-09	3.792026268979832272e-09	1.827884091449458992e-09	3.734409560623112090e-09	3.722881506285500974e-09	3.730254423568356928e-09	3.780500380818079104e-09	1.907371292175953152e-09	3.802966468093212143e-09	3.810498086822781891e-09	3.861824998890106166e-09	1.895613316735940066e-09	3.798734994827816350e-09	3.849903455737091025e-09	1.903129851983779883e-09	3.857530389084607085e-09	1.954746213742451263e-09
9.750887643460995347e-02	-4.036980755967239996e-04	9.491991932712687835e-17	-1.189201770620016124e-03	-2.091858817305953806e-05	-2.021039889581754560e-05	-2.389505395271748092e-05	-2.197226644122393457e-05	3.367668985960120065e-04	-2.119693051332087420e-05	-2.165681050890979164e-05	-2.159294998027598875e-05	-2.163743878136357841e-05	-2.193047778779000934e-05	1.603234918804783211e-09	3.793788292677313588e-09	3.490743845760278606e-09	-2.450965262787322142e-08	3.368117048809928261e-09	3.440654849694117708e-09	3.430097482685955866e-09	3.436931142762414894e-09	3.483267418298772988e-09	2.244493379393507176e-09	4.130637932601683823e-09	-2.894941512987262362e-08	3.985659859640452571e-09	4.071498253276780574e-09	4.059005519947450793e-09	4.067100580621826662e-09	4.121942690104893662e-09	1.900540270254812469e-09	-2.660290851666993828e-08	3.667769845415590919e-09	3.746761656196415452e-09	3.735265243131260320e-09	3.742719110258045239e-09	3.793193482256678994e-09	-2.750888074396163370e-08	-2.564258629318760405e-08	-2.618971997378674070e-08	-2.610555356761012080e-08	-2.615279664146030467e-08	-2.650070081257259022e-08	1.769594880590616172e-09	3.615412223365175452e-09	3.604318692673256221e-09	3.611513988541143183e-09	3.660222654787362408e-09	1.846638074189549892e-09	3.681943580188808141e-09	3.689293899940314977e-09	3.739051640009818317e-09	1.835322841012452797e-09	3.677973415915619745e-09	3.727578450901314180e-09	1.842658593907954678e-09	3.735022090622054499e-09	1.892699036738584167e-09
9.642186636357549800e-02	-3.440554475298126993e-04	3.787812545874341994e-17	-1.069911192271344458e-03	-2.084939256541503327e-05	-2.014616162359366902e-05	-2.382145641763234090e-05	-2.190592976374874690e-05	-2.119693051332087420e-05	2.117800414421056152e-04	-2.159417703970824840e-05	-2.153107174263179486e-05	-2.157610568933427623e-05	-2.186888343826849442e-05	1.598310223213227326e-09	3.782349521488575003e-09	3.480342968885012020e-09	3.368369163648893862e-09	-1.478624865621252828e-08	3.430646770254251148e-09	3.420168918603915928e-09	3.427042298460246402e-09	3.473295099742710102e-09	2.237854055164504770e-09	4.118567931386094411e-09	3.986163247499959113e-09	-1.746200708759778833e-08	4.059891011104563512e-09	4.047491815874673982e-09	4.055634674352935304e-09	4.110381413688930953e-09	1.895055772419082510e-09	3.668348830375729849e-09	-1.604478496832196704e-08	3.736217768756630018e-09	3.724807193634505649e-09	3.732305662867883584e-09	3.782694368986178201e-09	1.775267431940756733e-09	-1.551647733159696240e-08	3.616232711332395551e-09	3.605188548288097599e-09	3.612448312659692129e-09	3.661221767245808807e-09	-1.722881212885337626e-08	-1.579378142632696403e-08	-1.574279135009447353e-08	-1.577098994781441215e-08	-1.598050961782468521e-08	1.841574134022661700e-09	3.671899506810377285e-09	3.679294411915781337e-09	3.728971349991959611e-09	1.830342485556177131e-09	3.668057233227813137e-09	3.717582405261121646e-09	1.837722861491204875e-09	3.725071455560473811e-09	1.887683957866154124e-09
9.752176621368940923e-02	-2.294870217884606911e-04	-1.468901259090549168e-16	-9.678940683292427223e-04	-2.129478676299691105e-05	-2.057929845506706771e-05	-2.433583255316187205e-05	-2.238018753563138835e-05	-2.165681050890979164e-05	-2.159417703970824840e-05	1.703097095989901887e-04	-2.200055787853194409e-05	-2.204718079242603407e-05	-2.234692061895005705e-05	1.632682560403206729e-09	3.863883327764885448e-09	3.555474257958200487e-09	3.441167622854329562e-09	3.430901358405849739e-09	-1.148148172791715383e-08	3.494292024554438503e-09	3.501367307999564282e-09	3.548672916216601289e-09	2.286209240179923812e-09	4.207690296089899116e-09	4.072521235180362737e-09	4.060398490585722718e-09	-1.355719908394473782e-08	4.135422263104638704e-09	4.143804937342198985e-09	4.199800939094161918e-09	1.936123139878389207e-09	3.747938280930296508e-09	3.736801478334556764e-09	-1.245553260740320600e-08	3.805847015113467760e-09	3.813566793763821160e-09	3.865107191526860224e-09	1.813829486424581631e-09	3.616888382369386619e-09	-1.204466941213525590e-08	3.683718434975415707e-09	3.691192733637482397e-09	3.741082311944825513e-09	1.803076008397203304e-09	-1.200367334932428816e-08	3.672783558855892110e-09	3.680236445226610146e-09	3.729978874281150714e-09	-1.414101697759815187e-08	-1.221950178490033862e-08	-1.224115844981630828e-08	-1.240356072876569584e-08	1.870322720186175534e-09	3.748235931187345121e-09	3.798897374856030634e-09	1.877921606500188903e-09	3.806608280706803644e-09	1.929030094467400754e-09
9.724767271626207077e-02	-1.262169939318943208e-04	9.007887412203902487e-17	-8.622246974627984298e-04	-2.122674710722070320e-05	-2.051563376464443517e-05	-2.426222612119970556e-05	-2.231343548318008997e-05	-2.159294998027598875e-05	-2.153107174263179147e-05	-2.200055787853194409e-05	1.549813381895055330e-04	-2.198441054136826702e-05	-2.228372411402005754e-05	1.627634860308475328e-09	3.852083235681254203e-09	3.544697448433869566e-09	3.430801039815378935e-09	3.420614596000401058e-09	3.494488023362657383e-09	-1.029853976628200130e-08	3.491014465564114700e-09	3.538217380847330858e-09	2.279314311013848424e-09	4.195098001557230682e-09	4.060409583867175070e-09	4.048380988749298053e-09	4.135813759022243368e-09	-1.215953578317069640e-08	4.131713151948411282e-09	4.187589944450206211e-09	1.930374276485100987e-09	3.736880238519186911e-09	3.725829979469183787e-09	3.806297367097875333e-09	-1.117087189688568660e-08	3.802529500487910773e-09	3.853961585553984906e-09	1.808512199987994167e-09	3.606337435976367213e-09	3.684224317570095877e-09	-1.080206093808319450e-08	3.680579783972942251e-09	3.730365536044311673e-09	1.797842146125256396e-09	3.673341039439198154e-09	-1.076512220281127590e-08	3.669707941522583559e-09	3.719347563119073791e-09	1.876337331365189277e-09	-1.099421467240932747e-08	3.748962804583721183e-09	3.799674465750503769e-09	-1.282343925222055342e-08	-1.097773903509438846e-08	-1.112327001403702813e-08	1.872627781578168389e-09	3.795917778724575481e-09	1.923632988520697269e-09
9.765590830112320930e-02	-2.180776360865614130e-05	-4.013649987520987671e-17	-7.668160394619800415e-04	-2.126561860508643017e-05	-2.055509742223947750e-05	-2.431052018798033314e-05	-2.235875964804042324e-05	-2.163743878136357841e-05	-2.157610568933427623e-05	-2.204718079242603407e-05	-2.198441054136826702e-05	1.503418509104962144e-04	-2.233224607744762599e-05	1.630839095664843446e-09	3.859810290239170570e-09	3.551888261972330205e-09	3.437815260658875417e-09	3.427667550650369989e-09	3.501746209831499692e-09	3.491196403722823737e-09	-9.930740815298640725e-09	3.545680260330804439e-09	2.283972193834021387e-09	4.203767063739266635e-09	4.068865262102590351e-09	4.056882497585914871e-09	4.144561731799552577e-09	4.132076523098140744e-09	-1.172485403830554358e-08	4.196582695687357837e-09	1.934407999161974146e-09	3.744748992671173993e-09	3.733741074999215320e-09	3.814437420523436166e-09	3.802947557730989680e-09	-1.077126025699092394e-08	3.862328592564358297e-09	1.812349579633319150e-09	3.614053174838809510e-09	3.692163024052443442e-09	3.681041726937624749e-09	-1.041548384789754230e-08	3.738524873777592422e-09	1.801720361886449917e-09	3.681321128169722822e-09	3.670232375033170753e-09	-1.037975447107927147e-08	3.727548412755290815e-09	1.880442201398453929e-09	3.749555705996574196e-09	-1.060055487444565671e-08	3.808110363137234205e-09	1.869130454387852636e-09	-1.056598472398582922e-08	3.796638944172969921e-09	-1.246134201439405079e-08	-1.072478672459233926e-08	1.927966127574265804e-09
9.999690196595248382e-02	1.517852282649726631e-04	1.295616298724462146e-17	-6.834582267046564186e-04	-2.154895106323305169e-05	-2.083074673901118393e-05	-2.463807137408434011e-05	-2.266088069746341927e-05	-2.193047778779000934e-05	-2.186888343826849104e-05	-2.234692061895005705e-05	-2.228372411402005754e-05	-2.233224607744762599e-05	1.516015493394395658e-04	1.652784471918989344e-09	3.911887193472152986e-09	3.599888346073784695e-09	3.484332635560891274e-09	3.474097498714546291e-09	3.549229238715332758e-09	3.538573529178753500e-09	3.545852347971347031e-09	-9.981179742093849459e-09	2.314869723846714810e-09	4.260728541587883758e-09	4.124069050261630522e-09	4.111983024678983440e-09	4.200912080346517833e-09	4.188301249132782282e-09	4.196926389697472907e-09	-1.178411583541192994e-08	1.960662603802445601e-09	3.795639412314634568e-09	3.784536754268123790e-09	3.866385434308172147e-09	3.854779880813762174e-09	3.862723952519808964e-09	-1.082551956930074288e-08	1.837010688358011143e-09	3.663283733820906957e-09	3.742510427516874718e-09	3.731277016283304548e-09	3.738969034142464244e-09	-1.046783292720892123e-08	1.826289887658531515e-09	3.731574870962075314e-09	3.720374154610506754e-09	3.728044451270920466e-09	-1.043184222469359919e-08	1.906139007348824233e-09	3.800834734841843165e-09	3.808670811602785201e-09	-1.065367614319776541e-08	1.894712775306884856e-09	3.797237950065156787e-09	-1.061887680055485068e-08	1.902533904306220841e-09	-1.063746458854262250e-08	-1.273279666316394364e-08
4.528310948948353898e-02	-2.479346788371123919e-04	-3.446947867580954603e-17	-6.512973753702699237e-04	7.890972730379857528e-10	-2.204075526481013226e-06	1.800858821786804256e-09	1.656729465994010453e-09	1.603234918804783211e-09	1.598310223213227326e-09	1.632682560403206729e-09	1.627634860308475328e-09	1.630839095664843239e-09	1.652784471918989344e-09	1.570692374558580818e-03	-2.515104408303741533e-06	-2.311698531359746856e-06	-2.236102450562102776e-06	-2.228980477914295385e-06	-2.276901894598591462e-06	-2.269857596673698229e-06	-2.274217501801149205e-06	-2.304708688941428312e-06	1.027469724738624869e-09	1.890475778044477295e-09	1.829433920677505432e-09	1.823814057269877798e-09	1.863035756641450612e-09	1.857275792880533940e-09	1.860931779258332671e-09	1.885973045311761965e-09	8.696285448463009046e-10	1.683134542810826017e-09	1.677972353155326429e-09	1.714057482450173408e-09	1.708757989967226630e-09	1.712123687722189206e-09	1.735165377014773424e-09	8.144196524315576481e-10	1.623847373848645571e-09	1.658768478046791140e-09	1.653639885872150590e-09	1.656897965650620016e-09	1.679197720420339820e-09	8.094358916146990951e-10	1.653685965756853531e-09	1.648573118911852039e-09	1.651821633061472594e-09	1.674053539220494847e-09	8.446244413431813112e-10	1.684026104205457808e-09	1.687344574536187110e-09	1.710054671409997621e-09	8.394097415773907037e-10	1.682127729144066053e-09	1.704767646541941850e-09	8.427215984742910594e-10	1.708128164267847518e-09	8.655594094747952310e-10
1.059208752456153174e-01	-3.838784125720454696e-04	1.092220226209534194e-17	-1.332001296461775026e-03	1.866344926295863533e-09	-2.601760306594058534e-06	-3.077833244912612238e-07	3.920050622884732616e-09	3.793788292677313588e-09	3.782349521488575003e-09	3.863883327764885448e-09	3.852083235681254203e-09	3.859810290239170570e-09	3.911887193472153814e-09	-2.515104408303741533e-06	4.412719714479496676e-04	-2.730724616580444043e-06	-2.641765980340540385e-06	-2.633610568224542378e-06	-2.690475715572027193e-06	-2.682336739144080833e-06	-2.687667597003354459e-06	-2.723871568572864127e-06	-3.536460794459869982e-07	-3.228228244618918324e-07	-3.122714720628329792e-07	-3.112781662762465441e-07	-3.179702681895817501e-07	-3.169863887509140389e-07	-3.175956925732736738e-07	-3.218542941528458239e-07	2.058516760689192909e-09	3.984518675407798181e-09	3.972525366379131003e-09	4.058158726183395585e-09	4.045765582281616767e-09	4.053886073957387577e-09	4.108588243111582348e-09	1.928154512956973238e-09	3.844711042961159906e-09	3.927589484483709183e-09	3.915595324144644542e-09	3.923457091185707240e-09	3.976402657703965305e-09	1.916575285710538219e-09	3.915780060378679308e-09	3.903822089766280400e-09	3.911661259210130137e-09	3.964448830723916475e-09	2.000095417069318134e-09	3.987975117649350282e-09	3.995983490497325515e-09	4.049909193394611134e-09	1.987898356419352537e-09	3.983780709705252105e-09	4.037541823820557348e-09	1.995891199295629436e-09	4.045652512702840980e-09	2.050125246328189482e-09
9.687184976607952913e-02	-2.323053636654997655e-04	2.432620589796514924e-17	-1.070648617543775013e-03	1.716705143829282121e-09	-2.391007872764112899e-06	3.919641597037928694e-09	-6.498903413915493154e-08	3.490743845760279019e-09	3.480342968885012020e-09	3.555474257958200487e-09	3.544697448433869566e-09	3.551888261972330205e-09	3.599888346073784695e-09	-2.311698531359746856e-06	-2.730724616580444043e-06	9.506177440554411568e-05	-2.429058575854119582e-06	-2.421707140229037814e-06	-2.474133707222390340e-06	-2.466752557139637187e-06	-2.471755064625407876e-06	-2.505146069150253153e-06	2.237367145008259500e-09	-7.415805731265202670e-08	3.985113321539101886e-09	3.973239471125548939e-09	4.059010458949900012e-09	4.046707094485841036e-09	4.054915608118265002e-09	4.109712983059311682e-09	-7.005750531504409314e-08	-6.593490414611973167e-08	-6.572490299227832201e-08	-6.713763917747751919e-08	-6.692969942851108061e-08	-6.705813392336276217e-08	-6.795711620063738398e-08	1.774720006092017965e-09	3.538892478194837393e-09	3.615288681609087299e-09	3.604331555602917577e-09	3.611650597739226689e-09	3.660468045860890862e-09	1.764189396112543012e-09	3.604548286113115483e-09	3.593623849371571689e-09	3.600922128247288847e-09	3.649595684918666640e-09	1.841181072462535352e-09	3.671201879133251615e-09	3.678657898789434351e-09	3.728382395758523712e-09	1.830037714972356943e-09	3.667508918045444623e-09	3.717082792836214519e-09	1.837479510336148040e-09	3.724634533218200256e-09	1.887491167061783434e-09
9.279526461542988991e-02	-1.322066106893221376e-04	-4.099382006587083554e-18	-8.971355137340852968e-04	1.661032619989918001e-09	-2.312513882110813138e-06	3.793071054462306813e-09	3.490447396914888950e-09	-2.450965262787322142e-08	3.368369163648893862e-09	3.441167622854329562e-09	3.430801039815378935e-09	3.437815260658875417e-09	3.484332635560891274e-09	-2.236102450562103199e-06	-2.641765980340540385e-06	-2.429058575854119582e-06	3.730233188508777443e-05	-2.343266947397061657e-06	-2.394102343394568917e-06	-2.387040717891043058e-06	-2.391950779718189913e-06	-2.424336870387844889e-06	2.165429305189489855e-09	3.985343171955022838e-09	-2.796602667878981589e-08	3.845962218484933703e-09	3.929081882878791958e-09	3.917245066271133959e-09	3.925253122885507595e-09	3.978365487221966184e-09	1.833787636364357538e-09	-2.570321635603125236e-08	3.539409110126769407e-09	3.615904963736777729e-09	3.605012829289648863e-09	3.612388156284986125e-09	3.661274472531428244e-09	-2.657999521241619497e-08	-2.478237116247591339e-08	-2.531479418288289940e-08	-2.523619165804619841e-08	-2.528436110610257882e-08	-2.562306700058170192e-08	1.707889428236614847e-09	3.489603668964672246e-09	3.479092663680620049e-09	3.486213844690669363e-09	3.533397056446378687e-09	1.782512030611428567e-09	3.554285867092512821e-09	3.561561127930190747e-09	3.609764282779463955e-09	1.771789998273510011e-09	3.550833399435017111e-09	3.598891434898754799e-09	1.779051555836666692e-09	3.606260439380388585e-09	1.827535170692879640e-09
9.164238944753400062e-02	-7.721098604559497539e-05	-3.458354044429986924e-17	-7.643312656394615290e-04	1.655694567954024575e-09	-2.304850477795989874e-06	3.781353233592366500e-09	3.479787413126039898e-09	3.368117048809928261e-09	-1.478624865621252663e-08	3.430901358405849739e-09	3.420614596000401058e-09	3.427667550650369989e-09	3.474097498714546291e-09	-2.228980477914295385e-06	-2.633610568224542378e-06	-2.421707140229037814e-06	-2.343266947397061657e-06	2.345949466628271455e-05	-2.387159414691647017e-06	-2.380181114683588186e-06	-2.385151027323766446e-06	-2.417507714065515000e-06	2.159008949363344362e-09	3.973669868211974691e-09	3.846157354384652678e-09	-1.687004360942526865e-08	3.917852207331152823e-09	3.906104970753633913e-09	3.914158220685514339e-09	3.967177414140796856e-09	1.828482780788909710e-09	3.539698258614770457e-09	-1.550339514598039786e-08	3.605702943657945629e-09	3.594893049960616609e-09	3.602310595929834973e-09	3.651113219415588307e-09	1.713114284864942347e-09	-1.499515488692008515e-08	3.490127538552038974e-09	3.479664747041980024e-09	3.486847201181609872e-09	3.534088989841618066e-09	-1.664987118453106626e-08	-1.526764044405289582e-08	-1.522007309437989845e-08	-1.524890254416227305e-08	-1.545296256673446592e-08	1.777610700884391569e-09	3.544563589634516116e-09	3.551881153893860396e-09	3.600005374192045582e-09	1.766968847212992144e-09	3.541233368123920147e-09	3.589213389162364922e-09	1.774272777438037484e-09	3.596625546695242687e-09	1.822678885307978629e-09
9.270375414024237259e-02	3.654661666476912660e-05	-5.780141209659446013e-18	-6.407616946564839190e-04	1.691052389412391122e-09	-2.354088135719952901e-06	3.862581268867361218e-09	3.554643679224288938e-09	3.440654849694117708e-09	3.430646770254251148e-09	-1.148148172791715383e-08	3.494488023362657383e-09	3.501746209831499692e-09	3.549229238715332758e-09	-2.276901894598591462e-06	-2.690475715572027193e-06	-2.474133707222390340e-06	-2.394102343394568917e-06	-2.387159414691647017e-06	1.886674359695213565e-05	-2.432076671168800271e-06	-2.437221735187474970e-06	-2.470347508733653195e-06	2.205658685373756438e-09	4.059652884865415301e-09	3.929477942462816418e-09	3.918048434541578042e-09	-1.309831243041279693e-08	3.990958219210714569e-09	3.999246780486597625e-09	4.053475207199127475e-09	1.868105423331738277e-09	3.616492116087673230e-09	3.605993989651068400e-09	-1.203598233194981016e-08	3.673100845159496142e-09	3.680735606637215026e-09	3.730653129457999231e-09	1.750323966560754771e-09	3.490495610182985565e-09	-1.164076334990059736e-08	3.555454794496695875e-09	3.562847862517105575e-09	3.611170218006430409e-09	1.740187680011323658e-09	-1.160288277623833405e-08	3.545146650201441301e-09	3.552519292389496894e-09	3.600702726622386791e-09	-1.366815982152373256e-08	-1.181470993972270236e-08	-1.183690577401203007e-08	-1.199512889853219673e-08	1.805561576344226195e-09	3.618633180582348018e-09	3.667713552162083691e-09	1.813080151660224855e-09	3.675343682264828894e-09	1.862597481813884767e-09
9.245702743988884476e-02	1.330092554949717639e-04	5.133020514713287607e-17	-5.240009558865023820e-04	1.685636648384234763e-09	-2.346567190717845493e-06	3.850570870995331769e-09	3.543671152168304650e-09	3.430097482685955866e-09	3.420168918603915928e-09	3.494292024554438503e-09	-1.029853976628200130e-08	3.491196403722823737e-09	3.538573529178753086e-09	-2.269857596673698229e-06	-2.682336739144080833e-06	-2.466752557139637187e-06	-2.387040717891043058e-06	-2.380181114683588186e-06	-2.432076671168800271e-06	1.716906603509687622e-05	-2.430279563378351754e-06	-2.463357985193727393e-06	2.199005596729971903e-09	4.047501153716087278e-09	3.917788938290815525e-09	3.906449246354800802e-09	3.991110067868779063e-09	-1.174808783690491473e-08	3.987572778737925552e-09	4.041685314627464575e-09	1.862557196382000265e-09	3.605819016298839949e-09	3.595403481529377549e-09	3.673325862950356308e-09	-1.079474439753325771e-08	3.670078793804771904e-09	3.719891019782511116e-09	1.745191315787802694e-09	3.480310144208463504e-09	3.555739240213593639e-09	-1.043999440073414369e-08	3.552599898970623652e-09	3.600821320327881643e-09	1.735134683711194153e-09	3.545481141056514115e-09	-1.040587632529176782e-08	3.542352041947010140e-09	3.590435533911396735e-09	1.811161460152847332e-09	-1.062898606905561429e-08	3.619126054465952753e-09	3.668251820977709974e-09	-1.239607571104067736e-08	-1.061545781452653872e-08	-1.075726236560412208e-08	1.807966731152059132e-09	3.665016859182624267e-09	1.857383662826934845e-09
9.285707605553633615e-02	2.325683168525069869e-04	-6.415611000533761928e-17	-4.166538744938774416e-04	1.688783972148653482e-09	-2.350858752449360820e-06	3.858095264687284416e-09	3.550675237240684996e-09	3.436931142762414894e-09	3.427042298460246402e-09	3.501367307999563868e-09	3.491014465564114700e-09	-9.930740815298640725e-09	3.545852347971347031e-09	-2.274217501801149205e-06	-2.687667597003354459e-06	-2.471755064625407876e-06	-2.391950779718189913e-06	-2.385151027323766446e-06	-2.437221735187474970e-06	-2.430279563378351754e-06	1.665521007691102198e-05	-2.468712191248095145e-06	2.203493617188956353e-09	4.055854291637706039e-09	3.925936842191360030e-09	3.914641580210804544e-09	3.999540292642950701e-09	3.987713694860945660e-09	-1.132802166627375124e-08	4.050352259654328992e-09	1.866444045736186760e-09	3.613401642919511450e-09	3.603027196958018123e-09	3.681170617143578966e-09	3.670287678706829830e-09	-1.040851446478588058e-08	3.727955342952395729e-09	1.748889359039388112e-09	3.487746029183518941e-09	3.563390418130929825e-09	3.552856631452187689e-09	-1.006631348684507502e-08	3.608686017340472395e-09	1.738872403101955787e-09	3.553172575171204920e-09	3.542669166187497625e-09	-1.003331674820735614e-08	3.598340681666278762e-09	1.815118087709963507e-09	3.619504864776879839e-09	-1.024835960426162029e-08	3.676384080208659674e-09	1.804402598987732861e-09	-1.021615560847188649e-08	3.665516338618701234e-09	-1.204719508048316936e-08	-1.037186590415968659e-08	1.861561409633758345e-09
9.517338389505056173e-02	4.013507041856594071e-04	5.115259968721441705e-17	-3.178489840186246910e-04	1.711348211352545330e-09	-2.382174428832732726e-06	3.909960473218618736e-09	3.598484551422161669e-09	3.483267418298772988e-09	3.473295099742710102e-09	3.548672916216601289e-09	3.538217380847330858e-09	3.545680260330804439e-09	-9.981179742093849459e-09	-2.304708688941428312e-06	-2.723871568572864127e-06	-2.505146069150252729e-06	-2.424336870387844889e-06	-2.417507714065515000e-06	-2.470347508733653195e-06	-2.463357985193727393e-06	-2.468712191248095145e-06	1.679480972528817176e-05	2.233296018542829724e-09	4.110799407579947428e-09	3.979189455207319937e-09	3.967797962901940977e-09	4.053906133594058858e-09	4.041961157807208475e-09	4.050485542725444442e-09	-1.138513096337097616e-08	1.891770504773707423e-09	3.662495800920882002e-09	3.652033129532859610e-09	3.731291778614224645e-09	3.720299857352195957e-09	3.728152858369734666e-09	-1.046081796869063319e-08	1.772681394861673516e-09	3.535244782070268132e-09	3.611970151125733189e-09	3.601330770811210163e-09	3.608935754309877384e-09	-1.011678871045707272e-08	1.762579200462033809e-09	3.601665162228396426e-09	3.591056311922417485e-09	3.598640635271870206e-09	-1.008355254524304971e-08	1.839916114199522591e-09	3.668993017095043819e-09	3.676742045321411959e-09	-1.029960529754208525e-08	1.829092820035110599e-09	3.665911849155712031e-09	-1.026719012579665933e-08	1.836827925509802697e-09	-1.028627910785585659e-08	-1.231068910590629160e-08
6.192357911041542623e-02	-1.086463264437165981e-04	1.728522215404985414e-17	-6.476933196907990820e-04	1.103622790322976786e-09	2.129661639003170983e-09	-3.661047189734611291e-07	2.319000203588767359e-09	2.244493379393507176e-09	2.237854055164504770e-09	2.286209240179923812e-09	2.279314311013848424e-09	2.283972193834021387e-09	2.314869723846714810e-09	1.027469724738624869e-09	-3.536460794459869453e-07	2.237367145008259500e-09	2.165429305189489855e-09	2.159008949363344362e-09	2.205658685373756438e-09	2.199005596729972317e-09	2.203493617188956353e-09	2.233296018542829724e-09	3.099404863644707826e-05	-3.842702684310347962e-07	-3.717601207336530876e-07	-3.706147071928317980e-07	-3.786172981333592798e-07	-3.774720859880680068e-07	-3.782232138859089701e-07	-3.833190273124464046e-07	1.218276927759443408e-09	2.358328071964871125e-09	2.351365440830842409e-09	2.402174168245836491e-09	2.394930267313914475e-09	2.399827933599000451e-09	2.432297417631619832e-09	1.141319085535625815e-09	2.275904957429648886e-09	2.325083591893908249e-09	2.318072533231057572e-09	2.322814739947904358e-09	2.354244452758814125e-09	1.134596644534092626e-09	2.318227110229556595e-09	2.311236854377035933e-09	2.315965745233694430e-09	2.347303546049313683e-09	1.184160266097577698e-09	2.361179251296213606e-09	2.366010469957869630e-09	2.398025581816058075e-09	1.177029757890732435e-09	2.358876226838947884e-09	2.390794873437231735e-09	1.181851893507364033e-09	2.395688376586196502e-09	1.214053154155306581e-09
1.132824398520288489e-01	-5.941538325232474584e-05	3.494771112792986278e-17	-9.868093105251936163e-04	2.030377166902521881e-09	3.918229660045799500e-09	-3.341451524191770188e-07	-7.677029623558504228e-08	4.130637932601683823e-09	4.118567931386093584e-09	4.207690296089898288e-09	4.195098001557230682e-09	4.203767063739266635e-09	4.260728541587883758e-09	1.890475778044477295e-09	-3.228228244618918324e-07	-7.415805731265202670e-08	3.985343171955022838e-09	3.973669868211974691e-09	4.059652884865415301e-09	4.047501153716087278e-09	4.055854291637706039e-09	4.110799407579947428e-09	-3.842702684310347962e-07	1.335642860783874372e-05	-3.394850990991906690e-07	-3.384596429729035781e-07	-3.457872216176527779e-07	-3.447558978651603693e-07	-3.454559331611639944e-07	-3.501236231373529317e-07	-8.282083637050924271e-08	-7.795471722133666209e-08	-7.771432126231342807e-08	-7.939223237490506251e-08	-7.915198274676135291e-08	-7.930932282991216384e-08	-8.037771734898830705e-08	2.101120361501448855e-09	4.189998175341313378e-09	4.280669624461731809e-09	4.267861831726391150e-09	4.276691514286482142e-09	4.334654402661137922e-09	2.088897264372400502e-09	4.268202350640071251e-09	4.255432146714730105e-09	4.264237393867134614e-09	4.322032948649072120e-09	2.180283351622232367e-09	4.347520195436862657e-09	4.356516261383504297e-09	4.415562807503854193e-09	2.167256373123996869e-09	4.343482015615880591e-09	4.402352044360688765e-09	2.176235839305843266e-09	4.411464704429205420e-09	2.235629166143793468e-09
1.085319731928559711e-01	4.940868075910399392e-05	-2.567867123718873339e-17	-7.717825636459183956e-04	1.964578391926572630e-09	3.791483717075870056e-09	-3.231807472176402149e-07	4.130045628697019717e-09	-2.894941512987262362e-08	3.986163247499960767e-09	4.072521235180362737e-09	4.060409583867175070e-09	4.068865262102590351e-09	4.124069050261630522e-09	1.829433920677505639e-09	-3.122714720628329792e-07	3.985113321539101886e-09	-2.796602667878981589e-08	3.846157354384652678e-09	3.929477942462817245e-09	3.917788938290815525e-09	3.925936842191360030e-09	3.979189455207319109e-09	-3.717601207336530876e-07	-3.394850990991906690e-07	5.242163379401661971e-06	-3.275036380604304566e-07	-3.346091361305776387e-07	-3.336225657655047350e-07	-3.343097629645481451e-07	-3.388371861350320254e-07	2.170740161683170873e-09	-3.038205323708482703e-08	4.190368067246601285e-09	4.281152841769094984e-09	4.268423163675882741e-09	4.277319244771834758e-09	4.335360690229811228e-09	-3.142574775897973157e-08	-2.930066883600998358e-08	-2.993308347175964947e-08	-2.984234963201098551e-08	-2.990144186591509422e-08	-3.030401847590539890e-08	2.022293179225514260e-09	4.132214635665551394e-09	4.119929216450604490e-09	4.128520471715835585e-09	4.184548574591266433e-09	2.110870758418633995e-09	4.209189966107876669e-09	4.217967622862751549e-09	4.275209897717495327e-09	2.098337877070068451e-09	4.205427432896601580e-09	4.262499672160455649e-09	2.107099570046105228e-09	4.271391546273943165e-09	2.164680564533184704e-09
1.071940807743722024e-01	1.124224949652038487e-04	-6.301206171953543271e-17	-5.983005462283008322e-04	1.958275460051556125e-09	3.779579547789889780e-09	-3.221106194055929248e-07	4.117458291838154553e-09	3.985659859640452571e-09	-1.746200708759778833e-08	4.060398490585722718e-09	4.048380988749298053e-09	4.056882497585914871e-09	4.111983024678983440e-09	1.823814057269877798e-09	-3.112781662762465441e-07	3.973239471125548939e-09	3.845962218484933703e-09	-1.687004360942526865e-08	3.918048434541578042e-09	3.906449246354800802e-09	3.914641580210804544e-09	3.967797962901940977e-09	-3.706147071928317980e-07	-3.384596429729034722e-07	-3.275036380604304566e-07	3.297441034241689374e-06	-3.336411826885088929e-07	-3.326663401600774596e-07	-3.333620275203350489e-07	-3.378854705701999174e-07	2.164476803139260614e-09	4.190497302739119596e-09	-1.832318355181020815e-08	4.269107979631959276e-09	4.256475462750600746e-09	4.265421686749757794e-09	4.323364473348501677e-09	2.028257483962383863e-09	-1.772499662489014965e-08	4.132625675744035616e-09	4.120398220019883654e-09	4.129062035682245619e-09	4.185156964742341588e-09	-1.968636353525209525e-08	-1.805087568419539990e-08	-1.799601829502204893e-08	-1.803143721190590324e-08	-1.827399524198815824e-08	2.105084505281912709e-09	4.197712495641744114e-09	4.206540475249172008e-09	4.263689791687137308e-09	2.092646426828398686e-09	4.194094833096255473e-09	4.251075216646589916e-09	2.101458551003759533e-09	4.260018476254526383e-09	2.158948322279292287e-09
1.085370305622905263e-01	2.495948559483804341e-04	1.738447867172386231e-16	-4.273052292938333803e-04	2.000093834571646267e-09	3.860577478375555689e-09	-3.289910983985220624e-07	4.206032411622481669e-09	4.071498253276780574e-09	4.059891011104563512e-09	-1.355719908394473782e-08	4.135813759022242541e-09	4.144561731799552577e-09	4.200912080346517833e-09	1.863035756641450612e-09	-3.179702681895818030e-07	4.059010458949900012e-09	3.929081882878791958e-09	3.917852207331152823e-09	-1.309831243041279528e-08	3.991110067868779063e-09	3.999540292642949874e-09	4.053906133594058858e-09	-3.786172981333592798e-07	-3.457872216176527779e-07	-3.346091361305776387e-07	-3.336411826885088929e-07	2.652293202406964719e-06	-3.399205003876973591e-07	-3.406407979468648237e-07	-3.452718695430939388e-07	2.211382708499048254e-09	4.281415484011854936e-09	4.269238277046892652e-09	-1.422331437666166680e-08	4.349082902229848699e-09	4.358290255929440661e-09	4.417557016197524504e-09	2.072315070526890781e-09	4.132854080902064271e-09	-1.375825117438967480e-08	4.210151237431838834e-09	4.219068296466220592e-09	4.276446576915393160e-09	2.060557465978509940e-09	-1.371501254592981040e-08	4.198193461198162083e-09	4.207086557072717182e-09	4.264303445093261502e-09	-1.616167863520660303e-08	-1.396796104307414385e-08	-1.399526624810983961e-08	-1.418334862854121915e-08	2.138356869882336000e-09	4.285773554519833228e-09	4.344061054037650047e-09	2.147427190959669708e-09	4.353266547656503790e-09	2.206237094385699703e-09
1.082552146185861847e-01	3.624087289123212796e-04	-1.008648697813920363e-16	-2.761893247018389107e-04	1.993687331132085037e-09	3.848427829443968538e-09	-3.279395029233297614e-07	4.193049193603298859e-09	4.059005519947451620e-09	4.047491815874673982e-09	4.135422263104638704e-09	-1.215953578317069640e-08	4.132076523098140744e-09	4.188301249132782282e-09	1.857275792880533733e-09	-3.169863887509140389e-07	4.046707094485841036e-09	3.917245066271133132e-09	3.906104970753633086e-09	3.990958219210714569e-09	-1.174808783690491473e-08	3.987713694860945660e-09	4.041961157807208475e-09	-3.774720859880680068e-07	-3.447558978651603693e-07	-3.336225657655047350e-07	-3.326663401600774596e-07	-3.399205003876973591e-07	2.413780528455428190e-06	-3.396713021046577846e-07	-3.442958359896338672e-07	2.204816606977476083e-09	4.268783710802489686e-09	4.256703822478138042e-09	4.349183482627581259e-09	-1.275571200195102894e-08	4.345676845747749910e-09	4.404818783789591532e-09	2.066240229943053249e-09	4.120798497804534043e-09	4.210327523547717256e-09	-1.233831008244890058e-08	4.206938342720042410e-09	4.264196983815819329e-09	2.054576520245656470e-09	4.198429643599042575e-09	-1.229937821241892206e-08	4.195051812439575969e-09	4.252150245858992117e-09	2.144822972095350481e-09	-1.256441224903340713e-08	4.286195003447208619e-09	4.344534279036630850e-09	-1.465828651278861591e-08	-1.255039095342299374e-08	-1.271895804975458905e-08	2.141374449747984735e-09	4.341042598379195151e-09	2.200065397124031992e-09
1.087277075582038788e-01	4.791937497003286093e-04	-8.348055283522538339e-17	-1.348258183262933223e-04	1.997412898415909139e-09	3.855812451216171085e-09	-3.285393739762018762e-07	4.201345330610993086e-09	4.067100580621826662e-09	4.055634674352935304e-09	4.143804937342198985e-09	4.131713151948411282e-09	-1.172485403830554358e-08	4.196926389697472907e-09	1.860931779258332671e-09	-3.175956925732736738e-07	4.054915608118265002e-09	3.925253122885508422e-09	3.914158220685514339e-09	3.999246780486597625e-09	3.987572778737925552e-09	-1.132802166627375124e-08	4.050485542725445269e-09	-3.782232138859089701e-07	-3.454559331611639944e-07	-3.343097629645481451e-07	-3.333620275203350489e-07	-3.406407979468648237e-07	-3.396713021046577846e-07	2.341602050755362570e-06	-3.450456058746322201e-07	2.209423745845585424e-09	4.277772503036856902e-09	4.265742252881990404e-09	4.358484752201631251e-09	4.345770266225865764e-09	-1.229892117143911229e-08	4.414382055225772294e-09	2.070624554059670752e-09	4.129615253677048802e-09	4.219400331543674688e-09	4.207093249528956208e-09	-1.189630284424253264e-08	4.273524641090741794e-09	2.059008818638726674e-09	4.207551169335491128e-09	4.195279055588545666e-09	-1.185865342820044249e-08	4.261526914893547517e-09	2.149515682396056883e-09	4.286492436191846848e-09	-1.211410337538343917e-08	4.354181214282310893e-09	2.136995039682002608e-09	-1.207700810204885076e-08	4.341481710185457359e-09	-1.424661027758527646e-08	-1.226291507021295955e-08	2.205022206913301949e-09
1.112017507869639404e-01	6.798400940775119715e-04	1.146462403955846284e-17	-5.672920099371011118e-08	2.024104551265015451e-09	3.907518830864235952e-09	-3.329160172762373463e-07	4.257925823526829288e-09	4.121942690104893662e-09	4.110381413688930953e-09	4.199800939094162745e-09	4.187589944450206211e-09	4.196582695687357837e-09	-1.178411583541192994e-08	1.885973045311761965e-09	-3.218542941528458239e-07	4.109712983059311682e-09	3.978365487221965357e-09	3.967177414140796856e-09	4.053475207199127475e-09	4.041685314627464575e-09	4.050352259654328992e-09	-1.138513096337097616e-08	-3.833190273124463517e-07	-3.501236231373529317e-07	-3.388371861350320254e-07	-3.378854705701999174e-07	-3.452718695430939388e-07	-3.442958359896337614e-07	-3.450456058746322201e-07	2.361266112965317762e-06	2.239411019903584467e-09	4.335906861612430451e-09	4.323775927026480498e-09	4.417842544428175607e-09	4.405001588451559499e-09	4.414470349200654083e-09	-1.236044147158089115e-08	2.098800309159105318e-09	4.185869424821116779e-09	4.276938105330858239e-09	4.264508495989165124e-09	4.273679457673974057e-09	-1.195568359530772505e-08	2.087087332952652602e-09	4.264989542967726126e-09	4.252595083092420077e-09	4.261741857336651952e-09	-1.191776188296136626e-08	2.178890120223694688e-09	4.345116115579294173e-09	4.354462146471056984e-09	-1.217440940497656027e-08	2.166244393046669224e-09	4.341807769841853525e-09	-1.213707267629123325e-08	2.175574320695266788e-09	-1.216058058294849636e-08	-1.455908506876594846e-08
5.181575491664823507e-02	3.623621170402733854e-05	2.006247773755004218e-17	-3.525725310475358049e-04	9.338831951371526978e-10	1.802309375125288458e-09	2.133285210399585048e-09	-7.251708006464302582e-08	1.900540270254812469e-09	1.895055772419082510e-09	1.936123139878389207e-09	1.930374276485100987e-09	1.934407999161974146e-09	1.960662603802445601e-09	8.696285448463009046e-10	2.058516760689192909e-09	-7.005750531504409314e-08	1.833787636364357951e-09	1.828482780788909710e-09	1.868105423331738277e-09	1.862557196382000265e-09	1.866444045736186760e-09	1.891770504773707423e-09	1.218276927759443408e-09	-8.282083637050924271e-08	2.170740161683170873e-09	2.164476803139260614e-09	2.211382708499048667e-09	2.204816606977476083e-09	2.209423745845585424e-09	2.239411019903584467e-09	1.438430833452089014e-06	-7.367936251498043837e-08	-7.345704835636516668e-08	-7.504738230220668432e-08	-7.482355477496147369e-08	-7.497555390516090316e-08	-7.598868866388716527e-08	9.670690456121021108e-10	1.928574442540972716e-09	1.970370336434901558e-09	1.964521583953056197e-09	1.968631824790837267e-09	1.995357514212954002e-09	9.615141792039572889e-10	1.964704308328599699e-09	1.958872537523418374e-09	1.962971578101789552e-09	1.989621130746179643e-09	1.003641757202858404e-09	2.001325384933576334e-09	2.005513395738543207e-09	2.032740646673433562e-09	9.976924791523648441e-10	1.999560601570611106e-09	2.026707113892785244e-09	1.001872916895584911e-09	2.030949707584086727e-09	1.029261697910759057e-09
9.937850766101191669e-02	1.681471603132352630e-04	-3.635570988954067269e-17	-5.016303022717813693e-04	1.807274395272431252e-09	3.488090997710644071e-09	4.128989072553696410e-09	-6.823808923671144088e-08	-2.660290851666993498e-08	3.668348830375729849e-09	3.747938280930296508e-09	3.736880238519186911e-09	3.744748992671173993e-09	3.795639412314634568e-09	1.683134542810826017e-09	3.984518675407798181e-09	-6.593490414611973167e-08	-2.570321635603125236e-08	3.539698258614770457e-09	3.616492116087673644e-09	3.605819016298839535e-09	3.613401642919511863e-09	3.662495800920882002e-09	2.358328071964871125e-09	-7.795471722133666209e-08	-3.038205323708482703e-08	4.190497302739119596e-09	4.281415484011854936e-09	4.268783710802489686e-09	4.277772503036856902e-09	4.335906861612430451e-09	-7.367936251498043837e-08	1.130756850848377828e-06	-6.915164337591176428e-08	-7.065199142275922293e-08	-7.044371322370315815e-08	-7.058880641402812505e-08	-7.154477507081184933e-08	-2.889700794316839043e-08	-2.694261642526615432e-08	-2.752577052875505373e-08	-2.744356858451435066e-08	-2.749910391362721690e-08	-2.787047352535059213e-08	1.861759500769963326e-09	3.804311018505866205e-09	3.793091178248448427e-09	3.801090008531724629e-09	3.852760933716276869e-09	1.943428075932781369e-09	3.875392927343261120e-09	3.883565589292470299e-09	3.936357963615499185e-09	1.931981775764936439e-09	3.872112243695176509e-09	3.924749089679388927e-09	1.940139888065091794e-09	3.933028712545795838e-09	1.993247837343645340e-09
9.816539019798854737e-02	2.249210428197727352e-04	-6.372362180993743144e-17	-3.314731616145202039e-04	1.801483419679525004e-09	3.477154914712550402e-09	4.116278345247085204e-09	-6.801163450534267166e-08	3.667769845415590919e-09	-1.604478496832196704e-08	3.736801478334556764e-09	3.725829979469183787e-09	3.733741074999215320e-09	3.784536754268122963e-09	1.677972353155326429e-09	3.972525366379131003e-09	-6.572490299227832201e-08	3.539409110126769407e-09	-1.550339514598039786e-08	3.605993989651068400e-09	3.595403481529377549e-09	3.603027196958018123e-09	3.652033129532860024e-09	2.351365440830842409e-09	-7.771432126231342807e-08	4.190368067246602112e-09	-1.832318355181020815e-08	4.269238277046892652e-09	4.256703822478138042e-09	4.265742252881991231e-09	4.323775927026480498e-09	-7.345704835636516668e-08	-6.915164337591176428e-08	7.117878509889186746e-07	-7.044778262322656665e-08	-7.024202365259021321e-08	-7.038896368087136151e-08	-7.134413978408207546e-08	1.867123474223729388e-09	-1.629588979499623931e-08	3.804573173929149353e-09	3.793407275641055869e-09	3.801473079621594829e-09	3.853204241277033440e-09	-1.810273099284506007e-08	-1.659763024007169147e-08	-1.654796135912693264e-08	-1.658127535907974219e-08	-1.680503542473364525e-08	1.938114246872837646e-09	3.864852756053038470e-09	3.873072060792093907e-09	3.925779353785687884e-09	1.926755223291635256e-09	3.861705770099936934e-09	3.914258558089806578e-09	1.934960093099489899e-09	3.922585837319303133e-09	1.987984589690460712e-09
9.931904681652499456e-02	3.527070345774937100e-04	2.239834570654815705e-17	-1.582615934204607551e-04	1.839951884173897681e-09	3.551669890902556335e-09	4.204699661631047452e-09	-6.946389813481054094e-08	3.746761656196415452e-09	3.736217768756630018e-09	-1.245553260740320600e-08	3.806297367097875333e-09	3.814437420523436166e-09	3.866385434308172147e-09	1.714057482450173408e-09	4.058158726183395585e-09	-6.713763917747751919e-08	3.615904963736777729e-09	3.605702943657945629e-09	-1.203598233194981016e-08	3.673325862950356308e-09	3.681170617143578966e-09	3.731291778614224645e-09	2.402174168245836491e-09	-7.939223237490506251e-08	4.281152841769094984e-09	4.269107979631959276e-09	-1.422331437666166680e-08	4.349183482627582086e-09	4.358484752201631251e-09	4.417842544428175607e-09	-7.504738230220668432e-08	-7.065199142275920970e-08	-7.044778262322656665e-08	5.728610980192911440e-07	-7.177395356228272444e-08	-7.192613917389025872e-08	-7.290409064735085696e-08	1.907682897282472081e-09	3.804667552986205452e-09	-1.264777168061535340e-08	3.876042908676782050e-09	3.884344156317583583e-09	3.937259132330280448e-09	1.897001335486347268e-09	-1.260889228302908546e-08	3.865179020625145742e-09	3.873458344059022446e-09	3.926226553400047463e-09	-1.486192082414699745e-08	-1.284287228649966984e-08	-1.286857336442525542e-08	-1.304208066560646987e-08	1.968845474468933177e-09	3.946126039160472930e-09	3.999884721827840418e-09	1.977290453813404824e-09	4.008455884416071908e-09	2.031532913048319636e-09
9.892091632867253126e-02	4.553033030565222612e-04	2.274784138446645686e-17	-9.949450658348023540e-06	1.834057112352999751e-09	3.540491054583036335e-09	4.191624246505735724e-09	-6.924148440094660563e-08	3.735265243131260320e-09	3.724807193634505649e-09	3.805847015113467760e-09	-1.117087189688568660e-08	3.802947557730988853e-09	3.854779880813762174e-09	1.708757989967226630e-09	4.045765582281616767e-09	-6.692969942851106738e-08	3.605012829289649277e-09	3.594893049960616609e-09	3.673100845159496142e-09	-1.079474439753325771e-08	3.670287678706829830e-09	3.720299857352195957e-09	2.394930267313914475e-09	-7.915198274676135291e-08	4.268423163675881914e-09	4.256475462750600746e-09	4.349082902229848699e-09	-1.275571200195102894e-08	4.345770266225865764e-09	4.405001588451560326e-09	-7.482355477496147369e-08	-7.044371322370315815e-08	-7.024202365259019997e-08	-7.177395356228272444e-08	5.214681791503680239e-07	-7.172164153587791531e-08	-7.269824865217125074e-08	1.902092220722052945e-09	3.793572659838105887e-09	3.876115737156971236e-09	-1.134192367636633196e-08	3.873180981934526762e-09	3.925985847873031950e-09	1.891496938078077227e-09	3.865307441363436773e-09	-1.130692375394168398e-08	3.862382694131295505e-09	3.915041890904412915e-09	1.974706082898818898e-09	-1.155131329237293082e-08	3.946424143211936469e-09	4.000229487854669809e-09	-1.347981728461936756e-08	-1.153952360954195166e-08	-1.169502734765755466e-08	1.971720223029171012e-09	3.997206426200786860e-09	2.025853238813243094e-09
9.935333264496931660e-02	5.621793245040102504e-04	4.494208230244346570e-18	1.294104891942783435e-04	1.837485507328372560e-09	3.547287969200648136e-09	4.199827734001298839e-09	-6.936775838936631389e-08	3.742719110258045239e-09	3.732305662867883584e-09	3.813566793763821160e-09	3.802529500487910773e-09	-1.077126025699092394e-08	3.862723952519808964e-09	1.712123687722189413e-09	4.053886073957387577e-09	-6.705813392336276217e-08	3.612388156284986125e-09	3.602310595929834973e-09	3.680735606637215026e-09	3.670078793804771904e-09	-1.040851446478588058e-08	3.728152858369734666e-09	2.399827933599000451e-09	-7.930932282991216384e-08	4.277319244771834758e-09	4.265421686749757794e-09	4.358290255929440661e-09	4.345676845747749910e-09	-1.229892117143911229e-08	4.414470349200654083e-09	-7.497555390516090316e-08	-7.058880641402812505e-08	-7.038896368087136151e-08	-7.192613917389025872e-08	-7.172164153587791531e-08	5.059246702443607662e-07	-7.285676032982227301e-08	1.906131952208524791e-09	3.801697139437997250e-09	3.884476722076468679e-09	3.873240383964181395e-09	-1.093535784370740289e-08	3.934582873470029327e-09	1.895581569662709192e-09	3.873714046173270068e-09	3.862509321887808141e-09	-1.090151234122719524e-08	3.923684845037965743e-09	1.979031284711141267e-09	3.946613930188138316e-09	-1.113706248657726159e-08	4.009122174616028733e-09	1.967599226158214023e-09	-1.110350145643344893e-08	3.997526253049491483e-09	-1.310170878873946652e-08	-1.127545033027941582e-08	2.030423152509921449e-09
1.017569189605762869e-01	7.474322097165066615e-04	-1.821378545412310790e-17	2.652207720457755479e-04	1.862042039903446208e-09	3.594861871164663673e-09	4.256302951987537979e-09	-7.029149273931795300e-08	3.793193482256679821e-09	3.782694368986178201e-09	3.865107191526860224e-09	3.853961585553984906e-09	3.862328592564358297e-09	-1.082551956930074288e-08	1.735165377014773424e-09	4.108588243111582348e-09	-6.795711620063738398e-08	3.661274472531428244e-09	3.651113219415588307e-09	3.730653129457999231e-09	3.719891019782511116e-09	3.727955342952395729e-09	-1.046081796869063319e-08	2.432297417631619832e-09	-8.037771734898830705e-08	4.335360690229811228e-09	4.323364473348501677e-09	4.417557016197524504e-09	4.404818783789591532e-09	4.414382055225772294e-09	-1.236044147158089115e-08	-7.598868866388716527e-08	-7.154477507081184933e-08	-7.134413978408208870e-08	-7.290409064735085696e-08	-7.269824865217125074e-08	-7.285676032982227301e-08	5.102012131494105325e-07	1.932074088580028414e-09	3.853494059630245292e-09	3.937457559364633530e-09	3.926109918065244251e-09	3.934646866899438140e-09	-1.098976793544275193e-08	1.921436445475781590e-09	3.926605694463639859e-09	3.915289833665053555e-09	3.923804682506200297e-09	-1.095567801020888004e-08	2.006081531849532170e-09	4.000600700487596330e-09	4.009301384825601445e-09	-1.119233060719731148e-08	1.994535851464253553e-09	3.997747471729636184e-09	-1.115855209406039523e-08	2.003221926602694934e-09	-1.118069145966355015e-08	-1.338955616651707572e-08
4.761560149786013552e-02	1.283817131669572683e-04	-1.486452812565812655e-17	-1.500269658642110562e-04	8.743789094797694014e-10	1.687681416062730532e-09	1.997941977795197599e-09	1.839049496660615845e-09	-2.750888074396163370e-08	1.775267431940756940e-09	1.813829486424581631e-09	1.808512199987994167e-09	1.812349579633319150e-09	1.837010688358010937e-09	8.144196524315576481e-10	1.928154512956973238e-09	1.774720006092018171e-09	-2.657999521241619497e-08	1.713114284864942347e-09	1.750323966560754771e-09	1.745191315787802694e-09	1.748889359039388112e-09	1.772681394861673309e-09	1.141319085535625815e-09	2.101120361501448855e-09	-3.142574775897973157e-08	2.028257483962383863e-09	2.072315070526890367e-09	2.066240229943053249e-09	2.070624554059670752e-09	2.098800309159105318e-09	9.670690456121021108e-10	-2.889700794316839043e-08	1.867123474223729388e-09	1.907682897282472081e-09	1.902092220722052945e-09	1.906131952208524791e-09	1.932074088580028414e-09	2.214656206627235317e-07	-2.787730102507728266e-08	-2.848210724576205774e-08	-2.839811846793680554e-08	-2.845659665668069703e-08	-2.884196594609094561e-08	9.012320196599043829e-10	1.841620068874333328e-09	1.836223903763483703e-09	1.840126049189701643e-09	1.865172711601469598e-09	9.408133859383363828e-10	1.876113420133958986e-09	1.880100476669725585e-09	1.905691404441806338e-09	9.353081248090190629e-10	1.874591695657116455e-09	1.900107731668701629e-09	9.392881994859287716e-10	1.904147195778696973e-09	9.650332648685493091e-10
9.393609874733510612e-02	3.107729867892904292e-04	2.446780807925105353e-18	-1.269421084272959015e-04	1.743157620654610215e-09	3.364787161965596289e-09	3.983591749827462565e-09	3.666915482358082769e-09	-2.564258629318760405e-08	-1.551647733159696240e-08	3.616888382369386619e-09	3.606337435976367627e-09	3.614053174838809510e-09	3.663283733820906957e-09	1.623847373848645364e-09	3.844711042961159906e-09	3.538892478194837806e-09	-2.478237116247591339e-08	-1.499515488692008515e-08	3.490495610182985978e-09	3.480310144208463090e-09	3.487746029183518941e-09	3.535244782070267719e-09	2.275904957429649713e-09	4.189998175341313378e-09	-2.930066883600998358e-08	-1.772499662489014965e-08	4.132854080902064271e-09	4.120798497804534043e-09	4.129615253677048802e-09	4.185869424821116779e-09	1.928574442540972716e-09	-2.694261642526615432e-08	-1.629588979499624261e-08	3.804667552986205452e-09	3.793572659838105887e-09	3.801697139437997250e-09	3.853494059630245292e-09	-2.787730102507728266e-08	2.803456304610489492e-07	-2.655809356539963919e-08	-2.648049480660885722e-08	-2.653578894012739581e-08	-2.689576852910981793e-08	-1.751653569572244707e-08	-1.605995650867303231e-08	-1.601250059014072722e-08	-1.604525260047473238e-08	-1.626232470509879712e-08	1.876488125632671803e-09	3.742034186910466353e-09	3.750053554046042488e-09	3.801153209622003565e-09	1.865562042465160670e-09	3.739120228192336771e-09	3.790071096924896373e-09	1.873567567478273629e-09	3.798196281745912281e-09	1.924977093982747851e-09
9.504062872475764479e-02	4.356336944432173349e-04	3.631500926905839899e-17	5.547429794486427373e-05	1.780379943396498875e-09	3.436893359032179435e-09	4.069162306650030385e-09	3.745796637681270420e-09	-2.618971997378674400e-08	3.616232711332395551e-09	-1.204466941213525590e-08	3.684224317570095877e-09	3.692163024052443442e-09	3.742510427516874718e-09	1.658768478046790726e-09	3.927589484483709183e-09	3.615288681609087299e-09	-2.531479418288289940e-08	3.490127538552038974e-09	-1.164076334990059736e-08	3.555739240213593639e-09	3.563390418130929412e-09	3.611970151125732775e-09	2.325083591893908249e-09	4.280669624461731809e-09	-2.993308347175964947e-08	4.132625675744034789e-09	-1.375825117438967480e-08	4.210327523547717256e-09	4.219400331543674688e-09	4.276938105330858239e-09	1.970370336434901558e-09	-2.752577052875505373e-08	3.804573173929149353e-09	-1.264777168061535340e-08	3.876115737156971236e-09	3.884476722076469506e-09	3.937457559364633530e-09	-2.848210724576205774e-08	-2.655809356539963919e-08	2.258813973869999770e-07	-2.705804732353972060e-08	-2.711534637168402889e-08	-2.748393812253034013e-08	1.836590370797407236e-09	-1.219924497821997640e-08	3.742257744091032778e-09	3.750335158300341170e-09	3.801492654583307156e-09	-1.438108667776111957e-08	-1.242674433705321202e-08	-1.245202546942151615e-08	-1.262035253933225421e-08	1.906317101846021036e-09	3.820864010128313346e-09	3.872984149291509960e-09	1.914556628418347263e-09	3.881347027098159676e-09	1.967147167303541939e-09
9.480029733783568169e-02	5.339883583127959894e-04	-6.707034185989327502e-18	2.063378725014406302e-04	1.774675527289607540e-09	3.426075217895765874e-09	4.056507989699213995e-09	3.734233478569621118e-09	-2.610555356761012080e-08	3.605188548288097599e-09	3.683718434975415707e-09	-1.080206093808319450e-08	3.681041726937624749e-09	3.731277016283304548e-09	1.653639885872151004e-09	3.915595324144644542e-09	3.604331555602917577e-09	-2.523619165804619841e-08	3.479664747041980024e-09	3.555454794496695875e-09	-1.043999440073414369e-08	3.552856631452187689e-09	3.601330770811210163e-09	2.318072533231057572e-09	4.267861831726391150e-09	-2.984234963201098551e-08	4.120398220019883654e-09	4.210151237431838834e-09	-1.233831008244889892e-08	4.207093249528956208e-09	4.264508495989165124e-09	1.964521583953056197e-09	-2.744356858451435066e-08	3.793407275641055869e-09	3.876042908676781223e-09	-1.134192367636633196e-08	3.873240383964181395e-09	3.926109918065244251e-09	-2.839811846793680554e-08	-2.648049480660885722e-08	-2.705804732353972060e-08	2.057098845956359076e-07	-2.703830330524828170e-08	-2.740640996089116438e-08	1.831262091707690124e-09	3.742311833256783117e-09	-1.093930941826057177e-08	3.739613719180735196e-09	3.790665614908898163e-09	1.911918901329792729e-09	-1.117633410884838501e-08	3.821081337846249548e-09	3.873245773507441441e-09	-1.304405518987587536e-08	-1.116574135832217974e-08	-1.131660386393956990e-08	1.909164485939228507e-09	3.870457171828776289e-09	1.961649023567908247e-09
9.534287520307646591e-02	6.375693958172994492e-04	5.566516637313037295e-17	3.496714731447947942e-04	1.777993468233894252e-09	3.432653954377960252e-09	4.064449036900271581e-09	3.741628065187099979e-09	-2.615279664146030467e-08	3.612448312659692129e-09	3.691192733637482397e-09	3.680579783972942251e-09	-1.041548384789754230e-08	3.738969034142464244e-09	1.656897965650620016e-09	3.923457091185707240e-09	3.611650597739226689e-09	-2.528436110610257882e-08	3.486847201181609872e-09	3.562847862517105575e-09	3.552599898970623652e-09	-1.006631348684507502e-08	3.608935754309877384e-09	2.322814739947904358e-09	4.276691514286482142e-09	-2.990144186591509422e-08	4.129062035682245619e-09	4.219068296466220592e-09	4.206938342720042410e-09	-1.189630284424253264e-08	4.273679457673974057e-09	1.968631824790837267e-09	-2.749910391362721690e-08	3.801473079621594829e-09	3.884344156317583583e-09	3.873180981934526762e-09	-1.093535784370740289e-08	3.934646866899438140e-09	-2.845659665668069703e-08	-2.653578894012739581e-08	-2.711534637168402889e-08	-2.703830330524828170e-08	1.996155951993674076e-07	-2.746615536022709397e-08	1.835218541348582441e-09	3.750454974050616214e-09	3.739679136454281566e-09	-1.054694185257187053e-08	3.799038416477530085e-09	1.916108732491923205e-09	3.821206811111583027e-09	-1.077539353706510156e-08	3.881860886350729885e-09	1.905113935811340211e-09	-1.074334735812762990e-08	3.870708098698102895e-09	-1.267850842764521090e-08	-1.091047027413367425e-08	1.966076690137912760e-09
9.765494486866899138e-02	8.173399271774323127e-04	-6.957494201579879059e-17	4.912816303041136860e-04	1.801755870310312875e-09	3.478692664526534526e-09	4.119106692374925490e-09	3.792026268979833099e-09	-2.650070081257259022e-08	3.661221767245808807e-09	3.741082311944825513e-09	3.730365536044311673e-09	3.738524873777592422e-09	-1.046783292720892123e-08	1.679197720420339820e-09	3.976402657703965305e-09	3.660468045860890862e-09	-2.562306700058170192e-08	3.534088989841618066e-09	3.611170218006430409e-09	3.600821320327881643e-09	3.608686017340472395e-09	-1.011678871045707272e-08	2.354244452758814125e-09	4.334654402661137922e-09	-3.030401847590539890e-08	4.185156964742341588e-09	4.276446576915393160e-09	4.264196983815819329e-09	4.273524641090741794e-09	-1.195568359530772505e-08	1.995357514212954002e-09	-2.787047352535059213e-08	3.853204241277034267e-09	3.937259132330280448e-09	3.925985847873031950e-09	3.934582873470029327e-09	-1.098976793544275193e-08	-2.884196594609094561e-08	-2.689576852910981793e-08	-2.748393812253033682e-08	-2.740640996089116438e-08	-2.746615536022709397e-08	2.013237688995213180e-07	1.860252388390470061e-09	3.801668500271484091e-09	3.790786157019966196e-09	3.799092758917894989e-09	-1.059923836245637903e-08	1.942301495597942337e-09	3.873483353826856371e-09	3.881971508330227047e-09	-1.082875859942040748e-08	1.931197813984272662e-09	3.870859675049192338e-09	-1.079650556188029490e-08	1.939671994298184067e-09	-1.081829242366486496e-08	-1.295743627268835065e-08
4.639769332424775738e-02	1.819770381841162381e-04	-5.418176147806468291e-17	2.720772449658247354e-05	8.687881320287828739e-10	1.677123268016997212e-09	1.985669854962706257e-09	1.827884091449458992e-09	1.769594880590616172e-09	-1.722881212885337626e-08	1.803076008397203304e-09	1.797842146125256189e-09	1.801720361886450124e-09	1.826289887658531515e-09	8.094358916146990951e-10	1.916575285710538219e-09	1.764189396112543012e-09	1.707889428236614847e-09	-1.664987118453106626e-08	1.740187680011323658e-09	1.735134683711194153e-09	1.738872403101955787e-09	1.762579200462033809e-09	1.134596644534092626e-09	2.088897264372400916e-09	2.022293179225514260e-09	-1.968636353525209525e-08	2.060557465978509940e-09	2.054576520245656883e-09	2.059008818638726674e-09	2.087087332952652602e-09	9.615141792039572889e-10	1.861759500769963326e-09	-1.810273099284506007e-08	1.897001335486347268e-09	1.891496938078077227e-09	1.895581569662708779e-09	1.921436445475781590e-09	9.012320196599043829e-10	-1.751653569572245038e-08	1.836590370797407236e-09	1.831262091707690124e-09	1.835218541348582441e-09	1.860252388390470061e-09	8.758496490773163420e-08	-1.784468544691531955e-08	-1.779252461334788258e-08	-1.782968184226853489e-08	-1.807156937920492393e-08	9.356826780493091428e-10	1.865936479043340294e-09	1.869968689639765802e-09	1.895477513624078882e-09	9.302616938857654366e-10	1.864543986902824902e-09	1.889978916579809864e-09	9.342870487488855776e-10	1.894064546365251937e-09	9.599516100455316557e-10
9.387750490444665696e-02	4.889572510224720562e-04	1.880832543644783492e-17	2.492628337268356568e-04	1.774679416240754682e-09	3.426126895348214458e-09	4.056647123934147134e-09	3.734409560623112090e-09	3.615412223365175452e-09	-1.579378142632696403e-08	-1.200367334932428816e-08	3.673341039439198154e-09	3.681321128169722822e-09	3.731574870962075314e-09	1.653685965756853531e-09	3.915780060378679308e-09	3.604548286113115483e-09	3.489603668964672659e-09	-1.526764044405289582e-08	-1.160288277623833405e-08	3.545481141056514115e-09	3.553172575171204920e-09	3.601665162228396426e-09	2.318227110229556595e-09	4.268202350640072079e-09	4.132214635665551394e-09	-1.805087568419539990e-08	-1.371501254592981040e-08	4.198429643599042575e-09	4.207551169335491128e-09	4.264989542967726126e-09	1.964704308328599699e-09	3.804311018505866205e-09	-1.659763024007169147e-08	-1.260889228302908546e-08	3.865307441363436773e-09	3.873714046173270068e-09	3.926605694463639859e-09	1.841620068874333328e-09	-1.605995650867303231e-08	-1.219924497821997640e-08	3.742311833256783117e-09	3.750454974050616214e-09	3.801668500271484091e-09	-1.784468544691531955e-08	1.427433596159241386e-07	-1.631452897069613377e-08	-1.634896436611105708e-08	-1.657109347935623707e-08	-1.433934542937585482e-08	-1.239072193534607007e-08	-1.241637255487123580e-08	-1.258459261249453572e-08	1.901168854238051190e-09	3.810613450377662750e-09	3.862650720515421613e-09	1.909454452310231109e-09	3.871060587718295911e-09	1.961962747356806560e-09
9.377957088822466702e-02	5.868628351038005170e-04	-3.846437936955048790e-17	4.069203238056831812e-04	1.768993238574638835e-09	3.415342614362638811e-09	4.044031688133762276e-09	3.722881506285500974e-09	3.604318692673256221e-09	-1.574279135009447353e-08	3.672783558855892110e-09	-1.076512220281127590e-08	3.670232375033169926e-09	3.720374154610506754e-09	1.648573118911851832e-09	3.903822089766280400e-09	3.593623849371571689e-09	3.479092663680620049e-09	-1.522007309437989845e-08	3.545146650201441301e-09	-1.040587632529176782e-08	3.542669166187497625e-09	3.591056311922417485e-09	2.311236854377035933e-09	4.255432146714730105e-09	4.119929216450604490e-09	-1.799601829502204893e-08	4.198193461198162910e-09	-1.229937821241892206e-08	4.195279055588545666e-09	4.252595083092420077e-09	1.958872537523418374e-09	3.793091178248448427e-09	-1.654796135912693264e-08	3.865179020625145742e-09	-1.130692375394168398e-08	3.862509321887808141e-09	3.915289833665053555e-09	1.836223903763483289e-09	-1.601250059014072722e-08	3.742257744091032778e-09	-1.093930941826057011e-08	3.739679136454281566e-09	3.790786157019966196e-09	-1.779252461334788258e-08	-1.631452897069613377e-08	1.300549226658535433e-07	-1.630250118239877144e-08	-1.652435092145166918e-08	1.906700134715077973e-09	-1.114348481713420261e-08	3.810775194895099173e-09	3.862855904386950696e-09	-1.300651226649568819e-08	-1.113366802892088022e-08	-1.128443766930548729e-08	1.904077068801643472e-09	3.860200420250411743e-09	1.956479534050708862e-09
9.417761682523276279e-02	6.891563923051211276e-04	3.545421143198477659e-17	5.564399859806468899e-04	1.772300920582002350e-09	3.421901492669939420e-09	4.051949200929430896e-09	3.730254423568356928e-09	3.611513988541143183e-09	-1.577098994781441215e-08	3.680236445226610146e-09	3.669707941522583559e-09	-1.037975447107927147e-08	3.728044451270920466e-09	1.651821633061472594e-09	3.911661259210130137e-09	3.600922128247288847e-09	3.486213844690669363e-09	-1.524890254416227305e-08	3.552519292389496894e-09	3.542352041947009726e-09	-1.003331674820735614e-08	3.598640635271870619e-09	2.315965745233694430e-09	4.264237393867134614e-09	4.128520471715835585e-09	-1.803143721190590324e-08	4.207086557072717182e-09	4.195051812439575969e-09	-1.185865342820044249e-08	4.261741857336651952e-09	1.962971578101789552e-09	3.801090008531724629e-09	-1.658127535907974219e-08	3.873458344059022446e-09	3.862382694131295505e-09	-1.090151234122719524e-08	3.923804682506200297e-09	1.840126049189701643e-09	-1.604525260047473238e-08	3.750335158300341170e-09	3.739613719180735196e-09	-1.054694185257187053e-08	3.799092758917894989e-09	-1.782968184226853489e-08	-1.634896436611105377e-08	-1.630250118239877144e-08	1.262255884801916822e-07	-1.656029838629062605e-08	1.910879283573365673e-09	3.810833691468210287e-09	-1.074363176443404628e-08	3.871449544285411743e-09	1.899970072916029319e-09	-1.071201167778157371e-08	3.860383201307936380e-09	-1.264240101679208780e-08	-1.087937198573047647e-08	1.960896430951959712e-09
9.647042032930792932e-02	8.683842860574824286e-04	4.144196383753263993e-17	7.064615939350968755e-04	1.795987656500096710e-09	3.467796847592036485e-09	4.106439793762541272e-09	3.780500380818079104e-09	3.660222654787362408e-09	-1.598050961782468521e-08	3.729978874281150714e-09	3.719347563119073791e-09	3.727548412755290815e-09	-1.043184222469359919e-08	1.674053539220494847e-09	3.964448830723915647e-09	3.649595684918666226e-09	3.533397056446378687e-09	-1.545296256673446592e-08	3.600702726622386791e-09	3.590435533911396735e-09	3.598340681666278762e-09	-1.008355254524304971e-08	2.347303546049313269e-09	4.322032948649072120e-09	4.184548574591266433e-09	-1.827399524198815824e-08	4.264303445093261502e-09	4.252150245858992117e-09	4.261526914893546689e-09	-1.191776188296136626e-08	1.989621130746179643e-09	3.852760933716276869e-09	-1.680503542473364525e-08	3.926226553400047463e-09	3.915041890904412915e-09	3.923684845037965743e-09	-1.095567801020888004e-08	1.865172711601469598e-09	-1.626232470509879712e-08	3.801492654583306329e-09	3.790665614908898163e-09	3.799038416477530085e-09	-1.059923836245637903e-08	-1.807156937920492393e-08	-1.657109347935623707e-08	-1.652435092145166918e-08	-1.656029838629062605e-08	1.273189211677661329e-07	1.937001411181616034e-09	3.862970057197651680e-09	3.871504517004308743e-09	-1.079676890063964366e-08	1.925984409145662222e-09	3.860479195234316406e-09	-1.076494540771146396e-08	1.934505064570486478e-09	-1.078706123623304753e-08	-1.292086558211087975e-08
4.756247527064960678e-02	3.094918535390982954e-04	-6.708206308303763384e-18	2.313028667915887704e-04	9.062874824195420899e-10	1.749773870372279376e-09	2.071893514029287433e-09	1.907371292175953152e-09	1.846638074189549892e-09	1.841574134022661700e-09	-1.414101697759815187e-08	1.876337331365189277e-09	1.880442201398453929e-09	1.906139007348824233e-09	8.446244413431813112e-10	2.000095417069318134e-09	1.841181072462535145e-09	1.782512030611428567e-09	1.777610700884391569e-09	-1.366815982152373256e-08	1.811161460152847126e-09	1.815118087709963507e-09	1.839916114199522591e-09	1.184160266097577698e-09	2.180283351622232367e-09	2.110870758418633995e-09	2.105084505281912709e-09	-1.616167863520660303e-08	2.144822972095350481e-09	2.149515682396056883e-09	2.178890120223694688e-09	1.003641757202858404e-09	1.943428075932781369e-09	1.938114246872837646e-09	-1.486192082414699910e-08	1.974706082898818898e-09	1.979031284711141267e-09	2.006081531849532170e-09	9.408133859383363828e-10	1.876488125632671803e-09	-1.438108667776111957e-08	1.911918901329792729e-09	1.916108732491923205e-09	1.942301495597942337e-09	9.356826780493091428e-10	-1.433934542937585482e-08	1.906700134715077973e-09	1.910879283573365673e-09	1.937001411181616034e-09	5.664597617837107871e-08	-1.460914022359447698e-08	-1.464002092028650769e-08	-1.483898171813232728e-08	9.713511994179993718e-10	1.946960757492326017e-09	1.973576474346185107e-09	9.756146654019747289e-10	1.977903991891705559e-09	1.002471927761989511e-09
9.487071217101489262e-02	7.175183576314421441e-04	3.544790414357672334e-17	6.300512597785742647e-04	1.806767435830142132e-09	3.488532407101216196e-09	4.130900580499669174e-09	3.802966468093212143e-09	3.681943580188808141e-09	3.671899506810377285e-09	-1.221950178490033862e-08	-1.099421467240932912e-08	3.749555705996574196e-09	3.800834734841843165e-09	1.684026104205457395e-09	3.987975117649350282e-09	3.671201879133251615e-09	3.554285867092512821e-09	3.544563589634516116e-09	-1.181470993972270236e-08	-1.062898606905561429e-08	3.619504864776879839e-09	3.668993017095042992e-09	2.361179251296213606e-09	4.347520195436862657e-09	4.209189966107877497e-09	4.197712495641744114e-09	-1.396796104307414385e-08	-1.256441224903340713e-08	4.286492436191846848e-09	4.345116115579294173e-09	2.001325384933576334e-09	3.875392927343261120e-09	3.864852756053038470e-09	-1.284287228649966984e-08	-1.155131329237293082e-08	3.946613930188138316e-09	4.000600700487596330e-09	1.876113420133958986e-09	3.742034186910466353e-09	-1.242674433705321202e-08	-1.117633410884838501e-08	3.821206811111583027e-09	3.873483353826856371e-09	1.865936479043340294e-09	-1.239072193534607007e-08	-1.114348481713420261e-08	3.810833691468210287e-09	3.862970057197651680e-09	-1.460914022359447698e-08	1.050399932818022837e-07	-1.265135207640298558e-08	-1.282341223696870744e-08	-1.329007917295210121e-08	-1.137668255521717416e-08	-1.153108441318153790e-08	1.945734409794693007e-09	3.944710296629632960e-09	1.999340650790260693e-09
9.528950419223281010e-02	8.216762137659352084e-04	2.319957181991617861e-17	7.899519974756608791e-04	1.810145873295007182e-09	3.495232025694505350e-09	4.138988322622988850e-09	3.810498086822781891e-09	3.689293899940314977e-09	3.679294411915781337e-09	-1.224115844981630828e-08	3.748962804583721183e-09	-1.060055487444565671e-08	3.808670811602785201e-09	1.687344574536187110e-09	3.995983490497325515e-09	3.678657898789434351e-09	3.561561127930190747e-09	3.551881153893860396e-09	-1.183690577401202842e-08	3.619126054465952753e-09	-1.024835960426162029e-08	3.676742045321411959e-09	2.366010469957869630e-09	4.356516261383504297e-09	4.217967622862751549e-09	4.206540475249172008e-09	-1.399526624810983961e-08	4.286195003447208619e-09	-1.211410337538343917e-08	4.354462146471056984e-09	2.005513395738543207e-09	3.883565589292470299e-09	3.873072060792093080e-09	-1.286857336442525542e-08	3.946424143211935641e-09	-1.113706248657726159e-08	4.009301384825601445e-09	1.880100476669725585e-09	3.750053554046042488e-09	-1.245202546942151615e-08	3.821081337846249548e-09	-1.077539353706510156e-08	3.881971508330227047e-09	1.869968689639765802e-09	-1.241637255487123580e-08	3.810775194895099173e-09	-1.074363176443404628e-08	3.871504517004308743e-09	-1.464002092028650769e-08	-1.265135207640298558e-08	1.019626300631448164e-07	-1.285121997497534898e-08	1.941477729278416251e-09	-1.094540757714167173e-08	3.944836500635560003e-09	-1.291838067700191317e-08	-1.111710255018924237e-08	2.003854569074765554e-09
9.878848987711666418e-02	1.005762132205988016e-03	-6.035949559394268249e-17	9.535017203454150894e-04	1.834338500791472087e-09	3.542111056234972516e-09	4.194649546466683587e-09	3.861824998890106166e-09	3.739051640009818317e-09	3.728971349991959611e-09	-1.240356072876569584e-08	3.799674465750503769e-09	3.808110363137234205e-09	-1.065367614319776541e-08	1.710054671409997621e-09	4.049909193394611134e-09	3.728382395758523712e-09	3.609764282779463955e-09	3.600005374192045582e-09	-1.199512889853220003e-08	3.668251820977709974e-09	3.676384080208659674e-09	-1.029960529754208525e-08	2.398025581816058075e-09	4.415562807503854193e-09	4.275209897717495327e-09	4.263689791687137308e-09	-1.418334862854121915e-08	4.344534279036630850e-09	4.354181214282310893e-09	-1.217440940497656027e-08	2.032740646673433562e-09	3.936357963615499185e-09	3.925779353785687884e-09	-1.304208066560646987e-08	4.000229487854669809e-09	4.009122174616028733e-09	-1.119233060719731313e-08	1.905691404441806338e-09	3.801153209622003565e-09	-1.262035253933225421e-08	3.873245773507441441e-09	3.881860886350729885e-09	-1.082875859942040748e-08	1.895477513624078882e-09	-1.258459261249453572e-08	3.862855904386950696e-09	3.871449544285411743e-09	-1.079676890063964366e-08	-1.483898171813232894e-08	-1.282341223696870744e-08	-1.285121997497534898e-08	1.028544366366945187e-07	1.968060625353030468e-09	3.944878576219457462e-09	-1.099943354874169598e-08	1.976828605843716343e-09	-1.102238643666118750e-08	-1.320325729658237936e-08
4.731425907802135067e-02	4.074868767846273046e-04	-6.288068795192993004e-18	4.010774056693349929e-04	9.004892776654770647e-10	1.738775884006247999e-09	2.059027086704655682e-09	1.895613316735939653e-09	1.835322841012452797e-09	1.830342485556177131e-09	1.870322720186175534e-09	-1.282343925222055342e-08	1.869130454387852636e-09	1.894712775306884856e-09	8.394097415773907037e-10	1.987898356419352537e-09	1.830037714972356943e-09	1.771789998273510011e-09	1.766968847212992144e-09	1.805561576344226608e-09	-1.239607571104067736e-08	1.804402598987732861e-09	1.829092820035110806e-09	1.177029757890732435e-09	2.167256373123996869e-09	2.098337877070068451e-09	2.092646426828398686e-09	2.138356869882336000e-09	-1.465828651278861591e-08	2.136995039682002608e-09	2.166244393046669224e-09	9.976924791523648441e-10	1.931981775764936852e-09	1.926755223291635256e-09	1.968845474468933177e-09	-1.347981728461936756e-08	1.967599226158214023e-09	1.994535851464253553e-09	9.353081248090190629e-10	1.865562042465160670e-09	1.906317101846021036e-09	-1.304405518987587536e-08	1.905113935811340211e-09	1.931197813984272662e-09	9.302616938857654366e-10	1.901168854238050777e-09	-1.300651226649568819e-08	1.899970072916029732e-09	1.925984409145662222e-09	9.713511994179993718e-10	-1.329007917295209790e-08	1.941477729278416251e-09	1.968060625353030468e-09	4.691017001776887430e-08	-1.328021319645514786e-08	-1.346093836356976884e-08	9.701275235901784647e-10	1.966821963446690057e-09	9.968766032127816240e-10
9.620886235804237963e-02	9.186395946075791687e-04	8.185985729972859241e-17	9.729640475751318669e-04	1.804346220194784277e-09	3.484230359732922843e-09	4.126116790591330933e-09	3.798734994827816350e-09	3.677973415915618918e-09	3.668057233227813137e-09	3.748235931187345121e-09	-1.097773903509438846e-08	-1.056598472398582922e-08	3.797237950065156787e-09	1.682127729144066053e-09	3.983780709705252105e-09	3.667508918045444623e-09	3.550833399435017938e-09	3.541233368123920147e-09	3.618633180582348018e-09	-1.061545781452653872e-08	-1.021615560847188649e-08	3.665911849155712031e-09	2.358876226838947884e-09	4.343482015615880591e-09	4.205427432896601580e-09	4.194094833096255473e-09	4.285773554519832401e-09	-1.255039095342299374e-08	-1.207700810204885076e-08	4.341807769841853525e-09	1.999560601570611106e-09	3.872112243695176509e-09	3.861705770099936934e-09	3.946126039160473757e-09	-1.153952360954195166e-08	-1.110350145643344893e-08	3.997747471729636184e-09	1.874591695657116455e-09	3.739120228192336771e-09	3.820864010128313346e-09	-1.116574135832217974e-08	-1.074334735812762990e-08	3.870859675049193165e-09	1.864543986902824902e-09	3.810613450377663578e-09	-1.113366802892088022e-08	-1.071201167778157371e-08	3.860479195234316406e-09	1.946960757492325604e-09	-1.137668255521717416e-08	-1.094540757714167173e-08	3.944878576219457462e-09	-1.328021319645514786e-08	9.295246858535643943e-08	-1.152333752022928428e-08	-1.288157111352990516e-08	-1.108560765193366436e-08	1.998254673031519049e-09
9.854722515475852762e-02	1.103176041262923616e-03	-6.601232724889942253e-17	1.143809683645276862e-03	1.828461371370545025e-09	3.530961879083821449e-09	4.181604939648805372e-09	3.849903455737091025e-09	3.727578450901314180e-09	3.717582405261121646e-09	3.798897374856030634e-09	-1.112327001403702813e-08	3.796638944172969921e-09	-1.061887680055485068e-08	1.704767646541941850e-09	4.037541823820557348e-09	3.717082792836214519e-09	3.598891434898754799e-09	3.589213389162364922e-09	3.667713552162083691e-09	-1.075726236560412208e-08	3.665516338618701234e-09	-1.026719012579665933e-08	2.390794873437231735e-09	4.402352044360688765e-09	4.262499672160454821e-09	4.251075216646589916e-09	4.344061054037650047e-09	-1.271895804975458905e-08	4.341481710185457359e-09	-1.213707267629123325e-08	2.026707113892785244e-09	3.924749089679388927e-09	3.914258558089806578e-09	3.999884721827840418e-09	-1.169502734765755466e-08	3.997526253049491483e-09	-1.115855209406039523e-08	1.900107731668701629e-09	3.790071096924896373e-09	3.872984149291509960e-09	-1.131660386393956824e-08	3.870708098698102895e-09	-1.079650556188029656e-08	1.889978916579810277e-09	3.862650720515421613e-09	-1.128443766930548729e-08	3.860383201307936380e-09	-1.076494540771146396e-08	1.973576474346185107e-09	-1.153108441318153790e-08	3.944836500635560003e-09	-1.099943354874169598e-08	-1.346093836356976884e-08	-1.152333752022928428e-08	9.376867706837349579e-08	1.971261996267534316e-09	-1.099086883249338838e-08	-1.316588567831736295e-08
4.832204819492917636e-02	5.112108579074613321e-04	-5.641169241486253641e-17	5.724174122240034994e-04	9.038604631509452976e-10	1.745461599689279097e-09	2.067098416704741589e-09	1.903129851983779883e-09	1.842658593907954471e-09	1.837722861491204875e-09	1.877921606500188903e-09	1.872627781578168802e-09	-1.246134201439405079e-08	1.902533904306220841e-09	8.427215984742910594e-10	1.995891199295629436e-09	1.837479510336148247e-09	1.779051555836666692e-09	1.774272777438037484e-09	1.813080151660224855e-09	1.807966731152059132e-09	-1.204719508048316936e-08	1.836827925509802697e-09	1.181851893507364033e-09	2.176235839305843266e-09	2.107099570046105228e-09	2.101458551003759533e-09	2.147427190959670122e-09	2.141374449747984735e-09	-1.424661027758527646e-08	2.175574320695266788e-09	1.001872916895584911e-09	1.940139888065091794e-09	1.934960093099489899e-09	1.977290453813404824e-09	1.971720223029171012e-09	-1.310170878873946652e-08	2.003221926602694934e-09	9.392881994859287716e-10	1.873567567478273629e-09	1.914556628418347263e-09	1.909164485939228507e-09	-1.267850842764521090e-08	1.939671994298184067e-09	9.342870487488855776e-10	1.909454452310231109e-09	1.904077068801643472e-09	-1.264240101679208780e-08	1.934505064570486478e-09	9.756146654019747289e-10	1.945734409794692594e-09	-1.291838067700191483e-08	1.976828605843716343e-09	9.701275235901784647e-10	-1.288157111352990516e-08	1.971261996267534316e-09	4.414409198964576103e-08	-1.308521372986476177e-08	1.001383629720696830e-09
9.898685339879900735e-02	1.207892201201152434e-03	2.909844826498653208e-17	1.323595820342386795e-03	1.831881617897913067e-09	3.537745326443988793e-09	4.189794610131920755e-09	3.857530389084607085e-09	3.735022090622054499e-09	3.725071455560473811e-09	3.806608280706803644e-09	3.795917778724575481e-09	-1.072478672459233926e-08	-1.063746458854262250e-08	1.708128164267847518e-09	4.045652512702840980e-09	3.724634533218200670e-09	3.606260439380388585e-09	3.596625546695242687e-09	3.675343682264828894e-09	3.665016859182624267e-09	-1.037186590415968659e-08	-1.028627910785585659e-08	2.395688376586196502e-09	4.411464704429205420e-09	4.271391546273942338e-09	4.260018476254526383e-09	4.353266547656503790e-09	4.341042598379195978e-09	-1.226291507021295955e-08	-1.216058058294849636e-08	2.030949707584086727e-09	3.933028712545795838e-09	3.922585837319303133e-09	4.008455884416071908e-09	3.997206426200786860e-09	-1.127545033027941582e-08	-1.118069145966355015e-08	1.904147195778696973e-09	3.798196281745912281e-09	3.881347027098159676e-09	3.870457171828776289e-09	-1.091047027413367425e-08	-1.081829242366486496e-08	1.894064546365251937e-09	3.871060587718295084e-09	3.860200420250411743e-09	-1.087937198573047647e-08	-1.078706123623304753e-08	1.977903991891705559e-09	3.944710296629632960e-09	-1.111710255018924237e-08	-1.102238643666118750e-08	1.966821963446690057e-09	-1.108560765193366436e-08	-1.099086883249338838e-08	-1.308521372986476012e-08	9.103085466958108281e-08	-1.319446692761534914e-08
5.068503235907677318e-02	6.991839842386188058e-04	3.072189294758337156e-17	7.559452975742006866e-04	9.281827912238309984e-10	1.792598078554040438e-09	2.123070446278289771e-09	1.954746213742451263e-09	1.892699036738584167e-09	1.887683957866154124e-09	1.929030094467400754e-09	1.923632988520697682e-09	1.927966127574265804e-09	-1.273279666316394364e-08	8.655594094747952310e-10	2.050125246328189482e-09	1.887491167061783434e-09	1.827535170692879640e-09	1.822678885307978629e-09	1.862597481813884767e-09	1.857383662826935051e-09	1.861561409633758138e-09	-1.231068910590629160e-08	1.214053154155306581e-09	2.235629166143793468e-09	2.164680564533184704e-09	2.158948322279292287e-09	2.206237094385699290e-09	2.200065397124031992e-09	2.205022206913301949e-09	-1.455908506876594846e-08	1.029261697910759057e-09	1.993247837343645340e-09	1.987984589690460712e-09	2.031532913048319636e-09	2.025853238813243094e-09	2.030423152509921449e-09	-1.338955616651707572e-08	9.650332648685493091e-10	1.924977093982747851e-09	1.967147167303541939e-09	1.961649023567908247e-09	1.966076690137912760e-09	-1.295743627268835230e-08	9.599516100455316557e-10	1.961962747356806560e-09	1.956479534050708862e-09	1.960896430951960126e-09	-1.292086558211087975e-08	1.002471927761989511e-09	1.999340650790260280e-09	2.003854569074765554e-09	-1.320325729658237936e-08	9.968766032127816240e-10	1.998254673031519463e-09	-1.316588567831736130e-08	1.001383629720696830e-09	-1.319446692761534914e-08	4.488710223774217316e-08
